1,"tpp"
2,"tpp"
3,"tpp"
4,"tpp"
5,"tpp"
6,"tpp"
7,"tpp"
8,"tpp"
9,"tpp"
10,"tpp"
11,"tpp"
12,"tpp"
13,"tpp"
14,"tpp"
15,"tpp"
16,"tpp"
17,"tpp"
18,"tpp"
19,"tpp"
20,"tpp"
21,"tpp"
22,"tpp"
23,"tpp"
24,"tpp"
25,"tpp"
26,"tpp"
27,"tpp"
28,"tpp"
29,"tpp"
30,"tpp"
31,"tpp"
32,"tpp"
33,"tpp"
34,"tpp"
35,"tpp"
36,"tpp"
37,"tpp"
38,"tpp"
39,"tpp"
40,"tpp"
41,"tpp"
42,"tpp"
43,"tpp"
44,"tpp"
45,"tpp"
46,"tpp"
47,"tpp"
48,"tpp"
49,"tpp"
50,"tpp"
51,"tpp"
52,"tpp"
53,"tpp"
54,"tpp"
55,"tpp"
56,"tpp"
57,"tpp"
58,"tpp"
59,"tpp"
60,"tpp"
61,"tpp"
62,"tpp"
63,"tpp"
64,"tpp"
65,"tpp"
66,"tpp"
67,"tpp"
68,"tpp"
69,"tpp"
70,"tpp"
71,"tpp"
72,"tpp"
73,"tpp"
74,"tpp"
75,"tpp"
76,"tpp"
77,"tpp"
78,"tpp"
79,"tpp"
80,"tpp"
81,"tpp"
82,"tpp"
83,"tpp"
84,"tpp"
85,"tpp"
86,"tpp"
87,"tpp"
88,"tpp"
89,"tpp"
90,"tpp"
91,"tpp"
92,"tpp"
93,"tpp"
94,"tpp"
95,"tpp"
96,"tpp"
97,"tpp"
98,"tpp"
99,"tpp"
100,"tpp"
101,"tpp"
102,"tpp"
103,"tpp"
104,"tpp"
105,"tpp"
106,"tpp"
107,"tpp"
108,"tpp"
109,"tpp"
110,"tpp"
111,"tpp"
112,"tpp"
113,"tpp"
114,"tpp"
115,"tpp"
116,"tpp"
117,"tpp"
118,"tpp"
119,"tpp"
120,"tpp"
121,"tpp"
122,"tpp"
123,"tpp"
124,"tpp"
125,"tpp"
126,"tpp"
127,"tpp"
128,"tpp"
129,"tpp"
130,"tpp"
131,"tpp"
132,"tpp"
133,"tpp"
134,"tpp"
135,"tpp"
136,"tpp"
137,"tpp"
138,"tpp"
139,"tpp"
140,"tpp"
141,"tpp"
142,"tpp"
143,"tpp"
144,"tpp"
145,"tpp"
146,"tpp"
147,"tpp"
148,"tpp"
149,"tpp"
150,"tpp"
151,"tpp"
152,"tpp"
153,"tpp"
154,"tpp"
155,"tpp"
156,"tpp"
157,"tpp"
158,"tpp"
159,"tpp"
160,"tpp"
161,"tpp"
162,"tpp"
163,"tpp"
164,"tpp"
165,"tpp"
166,"tpp"
167,"tpp"
168,"tpp"
169,"tpp"
170,"tpp"
171,"tpp"
172,"tpp"
173,"tpp"
174,"tpp"
175,"tpp"
176,"tpp"
177,"tpp"
178,"tpp"
179,"tpp"
180,"tpp"
181,"tpp"
182,"tpp"
183,"tpp"
184,"tpp"
185,"tpp"
186,"tpp"
187,"tpp"
188,"tpp"
189,"tpp"
190,"tpp"
191,"tpp"
192,"tpp"
193,"tpp"
194,"tpp"
195,"tpp"
196,"tpp"
197,"tpp"
198,"tpp"
199,"tpp"
200,"tpp"
201,"tpp"
202,"tpp"
203,"tpp"
204,"tpp"
205,"tpp"
206,"tpp"
207,"tpp"
208,"tpp"
209,"tpp"
210,"tpp"
211,"tpp"
212,"tpp"
213,"tpp"
214,"tpp"
215,"tpp"
216,"tpp"
217,"tpp"
218,"tpp"
219,"tpp"
220,"tpp"
221,"tpp"
222,"tpp"
223,"tpp"
224,"tpp"
225,"tpp"
226,"tpp"
227,"tpp"
228,"tpp"
229,"tpp"
230,"tpp"
231,"tpp"
232,"tpp"
233,"tpp"
234,"tpp"
235,"tpp"
236,"tpp"
237,"tpp"
238,"tpp"
239,"tpp"
240,"tpp"
241,"tpp"
242,"tpp"
243,"tpp"
244,"tpp"
245,"tpp"
246,"tpp"
247,"tpp"
248,"tpp"
249,"tpp"
250,"tpp"
251,"tpp"
252,"tpp"
253,"tpp"
254,"tpp"
255,"tpp"
256,"tpp"
257,"tpp"
258,"tpp"
259,"tpp"
260,"tpp"
261,"tpp"
262,"tpp"
263,"tpp"
264,"tpp"
265,"tpp"
266,"tpp"
267,"tpp"
268,"tpp"
269,"tpp"
270,"tpp"
271,"tpp"
272,"tpp"
273,"tpp"
274,"tpp"
275,"tpp"
276,"tpp"
277,"tpp"
278,"tpp"
279,"tpp"
280,"tpp"
281,"tpp"
282,"tpp"
283,"tpp"
284,"tpp"
285,"tpp"
286,"tpp"
287,"tpp"
288,"tpp"
289,"tpp"
290,"tpp"
291,"tpp"
292,"tpp"
293,"tpp"
294,"tpp"
295,"tpp"
296,"tpp"
297,"tpp"
298,"tpp"
299,"tpp"
300,"tpp"
301,"tpp"
302,"tpp"
303,"tpp"
304,"tpp"
305,"tpp"
306,"tpp"
307,"tpp"
308,"tpp"
309,"tpp"
310,"tpp"
311,"tpp"
312,"tpp"
313,"tpp"
314,"tpp"
315,"tpp"
316,"tpp"
317,"tpp"
318,"tpp"
319,"tpp"
320,"tpp"
321,"tpp"
322,"tpp"
323,"tpp"
324,"tpp"
325,"tpp"
326,"tpp"
327,"tpp"
328,"tpp"
329,"tpp"
330,"tpp"
331,"tpp"
332,"tpp"
333,"tpp"
334,"tpp"
335,"tpp"
336,"tpp"
337,"tpp"
338,"tpp"
339,"tpp"
340,"tpp"
341,"tpp"
342,"tpp"
343,"tpp"
344,"tpp"
345,"tpp"
346,"tpp"
347,"tpp"
348,"tpp"
349,"tpp"
350,"tpp"
351,"tpp"
352,"tpp"
353,"tpp"
354,"tpp"
355,"tpp"
356,"tpp"
357,"tpp"
358,"tpp"
359,"tpp"
360,"tpp"
361,"tpp"
362,"tpp"
363,"tpp"
364,"tpp"
365,"tpp"
366,"tpp"
367,"tpp"
368,"tpp"
369,"tpp"
370,"tpp"
371,"tpp"
372,"tpp"
373,"tpp"
374,"tpp"
375,"tpp"
376,"tpp"
377,"tpp"
378,"tpp"
379,"tpp"
380,"tpp"
381,"tpp"
382,"tpp"
383,"tpp"
384,"tpp"
385,"tpp"
386,"tpp"
387,"tpp"
388,"tpp"
389,"tpp"
390,"tpp"
391,"tpp"
392,"tpp"
393,"tpp"
394,"tpp"
395,"tpp"
396,"tpp"
397,"tpp"
398,"tpp"
399,"tpp"
400,"tpp"
401,"tpp"
402,"tpp"
403,"tpp"
404,"tpp"
405,"tpp"
406,"tpp"
407,"tpp"
408,"tpp"
409,"tpp"
410,"tpp"
411,"tpp"
412,"tpp"
413,"tpp"
414,"tpp"
415,"tpp"
416,"tpp"
417,"tpp"
418,"tpp"
419,"tpp"
420,"tpp"
421,"tpp"
422,"tpp"
423,"tpp"
424,"tpp"
425,"tpp"
426,"tpp"
427,"tpp"
428,"tpp"
429,"tpp"
430,"tpp"
431,"tpp"
432,"tpp"
433,"tpp"
434,"tpp"
435,"tpp"
436,"tpp"
437,"tpp"
438,"tpp"
439,"tpp"
440,"tpp"
441,"tpp"
442,"tpp"
443,"tpp"
444,"tpp"
445,"tpp"
446,"tpp"
447,"tpp"
448,"tpp"
449,"tpp"
450,"tpp"
451,"tpp"
452,"tpp"
453,"tpp"
454,"tpp"
455,"tpp"
456,"tpp"
457,"tpp"
458,"tpp"
459,"tpp"
460,"tpp"
461,"tpp"
462,"tpp"
463,"tpp"
464,"tpp"
465,"tpp"
466,"tpp"
467,"tpp"
468,"tpp"
469,"tpp"
470,"tpp"
471,"tpp"
472,"tpp"
473,"tpp"
474,"tpp"
475,"tpp"
476,"tpp"
477,"tpp"
478,"tpp"
479,"tpp"
480,"tpp"
481,"tpp"
482,"tpp"
483,"tpp"
484,"tpp"
485,"tpp"
486,"tpp"
487,"tpp"
488,"tpp"
489,"tpp"
490,"tpp"
491,"tpp"
492,"tpp"
493,"tpp"
494,"tpp"
495,"tpp"
496,"tpp"
497,"tpp"
498,"tpp"
499,"tpp"
500,"tpp"
501,"tpp"
502,"tpp"
503,"tpp"
504,"tpp"
505,"tpp"
506,"tpp"
507,"tpp"
508,"tpp"
509,"tpp"
510,"tpp"
511,"tpp"
512,"tpp"
513,"tpp"
514,"tpp"
515,"tpp"
516,"tpp"
517,"tpp"
518,"tpp"
519,"tpp"
520,"tpp"
521,"tpp"
522,"tpp"
523,"tpp"
524,"tpp"
525,"tpp"
526,"tpp"
527,"tpp"
528,"tpp"
529,"tpp"
530,"tpp"
531,"tpp"
532,"tpp"
533,"tpp"
534,"tpp"
535,"tpp"
536,"tpp"
537,"tpp"
538,"tpp"
539,"tpp"
540,"tpp"
541,"tpp"
542,"tpp"
543,"tpp"
544,"tpp"
545,"tpp"
546,"tpp"
547,"tpp"
548,"tpp"
549,"tpp"
550,"tpp"
551,"tpp"
552,"tpp"
553,"tpp"
554,"tpp"
555,"tpp"
556,"tpp"
557,"tpp"
558,"tpp"
559,"tpp"
560,"tpp"
561,"tpp"
562,"tpp"
563,"tpp"
564,"tpp"
565,"tpp"
566,"tpp"
567,"tpp"
568,"tpp"
569,"tpp"
570,"tpp"
571,"tpp"
572,"tpp"
573,"tpp"
574,"tpp"
575,"tpp"
576,"tpp"
577,"tpp"
578,"tpp"
579,"tpp"
580,"tpp"
581,"tpp"
582,"tpp"
583,"tpp"
584,"tpp"
585,"tpp"
586,"tpp"
587,"tpp"
588,"tpp"
589,"tpp"
590,"tpp"
591,"tpp"
592,"tpp"
593,"tpp"
594,"tpp"
595,"tpp"
596,"tpp"
597,"tpp"
598,"tpp"
599,"tpp"
600,"tpp"
601,"tpp"
602,"tpp"
603,"tpp"
604,"tpp"
605,"tpp"
606,"tpp"
607,"tpp"
608,"tpp"
609,"tpp"
610,"tpp"
611,"tpp"
612,"tpp"
613,"tpp"
614,"tpp"
615,"tpp"
616,"tpp"
617,"tpp"
618,"tpp"
619,"tpp"
620,"tpp"
621,"tpp"
622,"tpp"
623,"tpp"
624,"tpp"
625,"tpp"
626,"tpp"
627,"tpp"
628,"tpp"
629,"tpp"
630,"tpp"
631,"tpp"
632,"tpp"
633,"tpp"
634,"tpp"
635,"tpp"
636,"tpp"
637,"tpp"
638,"tpp"
639,"tpp"
640,"tpp"
641,"tpp"
642,"tpp"
643,"tpp"
644,"tpp"
645,"tpp"
646,"tpp"
647,"tpp"
648,"tpp"
649,"tpp"
650,"tpp"
651,"tpp"
652,"tpp"
653,"tpp"
654,"tpp"
655,"tpp"
656,"tpp"
657,"tpp"
658,"tpp"
659,"tpp"
660,"tpp"
661,"tpp"
662,"tpp"
663,"tpp"
664,"tpp"
665,"tpp"
666,"tpp"
667,"tpp"
668,"tpp"
669,"tpp"
670,"tpp"
671,"tpp"
672,"tpp"
673,"tpp"
674,"tpp"
675,"tpp"
676,"tpp"
677,"tpp"
678,"tpp"
679,"tpp"
680,"tpp"
681,"tpp"
682,"tpp"
683,"tpp"
684,"tpp"
685,"tpp"
686,"tpp"
687,"tpp"
688,"tpp"
689,"tpp"
690,"tpp"
691,"tpp"
692,"tpp"
693,"tpp"
694,"tpp"
695,"tpp"
696,"tpp"
697,"tpp"
698,"tpp"
699,"tpp"
700,"tpp"
701,"tpp"
702,"tpp"
703,"tpp"
704,"tpp"
705,"tpp"
706,"tpp"
707,"tpp"
708,"tpp"
709,"tpp"
710,"tpp"
711,"tpp"
712,"tpp"
713,"tpp"
714,"tpp"
715,"tpp"
716,"tpp"
717,"tpp"
718,"tpp"
719,"tpp"
720,"tpp"
721,"tpp"
722,"tpp"
723,"tpp"
724,"tpp"
725,"tpp"
726,"tpp"
727,"tpp"
728,"tpp"
729,"tpp"
730,"tpp"
731,"tpp"
732,"tpp"
733,"tpp"
734,"tpp"
735,"tpp"
736,"tpp"
737,"tpp"
738,"tpp"
739,"tpp"
740,"tpp"
741,"tpp"
742,"tpp"
743,"tpp"
744,"tpp"
745,"tpp"
746,"tpp"
747,"tpp"
748,"tpp"
749,"tpp"
750,"tpp"
751,"tpp"
752,"tpp"
753,"tpp"
754,"tpp"
755,"tpp"
756,"tpp"
757,"tpp"
758,"tpp"
759,"tpp"
760,"tpp"
761,"tpp"
762,"tpp"
763,"tpp"
764,"tpp"
765,"tpp"
766,"tpp"
767,"tpp"
768,"tpp"
769,"tpp"
770,"tpp"
771,"tpp"
772,"tpp"
773,"tpp"
774,"tpp"
775,"tpp"
776,"tpp"
777,"tpp"
778,"tpp"
779,"tpp"
780,"tpp"
781,"tpp"
782,"tpp"
783,"tpp"
784,"tpp"
785,"tpp"
786,"tpp"
787,"tpp"
788,"tpp"
789,"tpp"
790,"tpp"
791,"tpp"
792,"tpp"
