1,"2U4GBNA0YmnzzZ4i7aodgymrvX4ytzKidn5lDnemkO_GsoR3lUxnkibAJizDApJW"
2,"2U4GBNA0YmlGhD3dlmM6A3GsqrXIfUlyVoHdcmU3hWCu9rPQo6OMdM7d6BXttBaR"
3,"2U4GBNA0YmlyrIM3wPTDMHhgAYYc8EfPG-U47Za6f4lniugT3W5_7zViioeGhYvN"
4,"2U4GBNA0YmkdMoDfyM-lbsVto4gAhJvTZjPDPtm-4KVh8zkHeljKUPmK5oPKhnaD"
5,"2U4GBNA0YmnfWhAMvgG_7W6w3oYgqPEE0IWnT8iUR4X37sO2JTUX3vs0wxwKoNcN"
6,"2U4GBNA0Yml7rKBy5IEQEHLkyMxux_RnbdGK6jc6wVdVeTK8H7Eyp6gmnnZmO5QS"
7,"2U4GBNA0YmnwGqzDYgcz2c4PyVusOmgy8KECuQJUo-5GRVyjbDBkQ07K47qc7Z78"
8,"2U4GBNA0YmlHjMg8XTc9FoKLzFWAOgsedzgvMw08k1DlV4hb9chNwM_Xfd_ihy9v"
9,"2U4GBNA0Yml3Bl5J1_NkoesCVCTnhpv6GdoFghXZu74GVxMHe7i9s5CgN-cvwwki"
10,"2U4GBNA0YmlfsJ9S5LfrSMxYve6veaubHzO4TzDHkaHXgspkQwPujcfKKfh1UoSk"
11,"2U4GBNA0YmnEKiVuG3h5b15tZvKek4hjX_8IYaK0qzNTBe6QP3kUDnKGkoJ9ByBC"
12,"2U4GBNA0YmlzqT6TZVNvE4h44Okxe9zAAogPbeVPzi3eMpT2w1tnlEPTj3CvHO7F"
13,"2U4GBNA0Yml5VY4fqv6dwHN30vwrZy10o9aIVPAZAhq-6_QTYmC2f834cGp7a2Am"
14,"2U4GBNA0Ymn4bUzR0MZsYmwZ8PkYgQLc17f3Si636_K-is1a24j-LJE3pHi1me_t"
15,"2U4GBNA0YmlmNI8qsNTloeXPOGpd6bHHQK1pNe3XI-PlMictPnkvAN2rz0EShjYD"
16,"2U4GBNA0Ymn8laZxsbCm5gnIQLEVXbZCnr4VWKHaoX3K3lUYPTb9oMtslOVl4jvu"
17,"2U4GBNA0YmkmQOIenJ9OaEPuOPcD2pn_9xV88SuAfwxV1Bj1O5g47OqwMrmGROE6"
18,"2U4GBNA0YmnPyUbW_g8-2ZgFmv66MGlbdcMYB48UYC-IMBU38GznJ10x-mtzQpW8"
19,"2U4GBNA0YmnZUUC371cXlXIVP89mGhLmxJNBrCpbHovONmFzo8FeJFflGE4yk1O1"
20,"2U4GBNA0Ymld2by39jgxVJf5L2ukn3wpFlMVEq3MC9oW9tRr-ZjRmd1SsOkUXT6O"
21,"2U4GBNA0YmnejuMX5EuC4SO0kf0jDqprCix182f7DT_nK51R0MEI1op99zlA9x6C"
22,"2U4GBNA0YmmI54dcZjQpRgqRkh28EAjavKukN2H_rYSckKQnNPznlwrhYzESwXRb"
23,"2U4GBNA0YmlMLflbSRhe89CMa7KffJL4XSBnlOEa7BB9xxilNDUjzlhRlqXYilLA"
24,"2U4GBNA0Ymn-Ak9_64WOEUQh_UrGNbkcM_Y4oTt4mwA16oECztIavyO-x4XlJvPn"
25,"2U4GBNA0Ymlum-k-TB_az91FYXfoL4p6i4vp1eMZ4hffSySWl-7pKdxQ14X1RJ7w"
26,"2U4GBNA0YmlS9WGp7y3AhxHzTxoKVLvyP_VdY40vM6cSccV_8virU5K0Sj69g8mf"
27,"2U4GBNA0Ymk_vSzYfJ7Z4x2wHXRyWiux0OPLSeRDnCIGV2tQszr29MDfX3vaapR4"
28,"2U4GBNA0YmmNDUpKXQSA3zOSpQIPEJRqcwZG9mCXYckSXdM0WR8qcSwFb8z2OxqO"
29,"2U4GBNA0YmkGeiOXCISyrZy7UHnuy9M5iiVBnhhYMDp_zjjnhpTlpeXgoJcHDyX9"
30,"2U4GBNA0YmkcrfWj3y6zWXupfwyUwnJcq2k4MCYTYcJGHAVNchPoLCwFy7xxjoUm"
31,"2U4GBNA0Ymn6inUG6UXbYEL44pnu0sgSuNGhZJrsOscQ2h9HVLBHuaQ_C1-d7YXV"
32,"2U4GBNA0YmkFo7fg4B4_rFaVcHo_1eM76EQBgaQkFY1Vir6ItcKOUV4ACweW6SuZ"
33,"2U4GBNA0YmlQTBEYhVUj9SiP1H99cr23D2H_2FFWM2xRb8exHEkjvZHLZdThwRcf"
34,"2U4GBNA0YmmNBJv4H4_r2h43vCIQOddyzgTIuN4z8Hvq1YYExTZSh8hs8E6HEXsl"
35,"2U4GBNA0YmmA_vByNx-Y170y71wVkM75XoOhexuKYA3dMhDXL1h0IlLvICE5aRsC"
36,"2U4GBNA0Ymkx80Xs38XFlRzSS1vGuJrYSeFF2-bP2AHCgPo5xOF1TV0A9PQXqCF9"
37,"2U4GBNA0YmkAe0g5_7ZyvVWZ4D_2Tmvl41s103OU7KHR-uOozlEs7lUSiNOVk9qD"
38,"2U4GBNA0YmkH4mvGIpDD_dD31STo-25ZcMrbdTnsIVsFhkGEHg3ljHBe6D-2xbm1"
39,"2U4GBNA0Ymn_2QkFHzCKBBtJPLtwnqaX3EmRb2uannFWUpw0hche2WV3Wh2gZ89y"
40,"2U4GBNA0YmlrN9FWEVz9OBPKBEK2wcHsQNKuVL2eFdNqCcppivqg_DqnT6r3EN11"
41,"2U4GBNA0Ymnv4MxstoVBJA_UZL2h_5wr0lrXrK6w4LCPzJZemMgGyIULxBXCpb2H"
42,"2U4GBNA0Ymn9XhmCtRmR7eFphsbCjvBBWgBYgrylQZCuYWnt7ZJys0EMB7KwTxLJ"
43,"2U4GBNA0YmmWm6acu7OrPldreB3o5G4o1r1mKLAzN_gjUgV_QVT4wwKHXWrHRve5"
44,"2U4GBNA0Ymn97DJYagdqWhKEAf-eYQ9q4ZQ8-ge1-4UopuMZjtJuDRqFXX6mIwpI"
45,"2U4GBNA0Ymluoea1nCtDbiY0_UsJ9lPXKZOw-yS-4ocbp04gd1ewqlnCU_M6sEAK"
46,"2U4GBNA0Yml5B4cXSU3x9JzFhZVqprZjVml3GnV0nlQZyHUMdi_-yNE_H_iK502I"
47,"2U4GBNA0YmnOuD0xI0yNFAhk6wy3I2DqwiZ-BV0rLkHaRZofWhpV9l3A2bXga-Xj"
48,"2U4GBNA0YmngFTkNJUZuHNEMxnJ8QucMypJNAMMB-bQOswtuPGz1KGpf2uBbEnRB"
49,"2U4GBNA0YmmUM0wBuka2rWPAWifj9rIFdymdIVBR0A23k2vQTiDdJT4A9d5pC3iB"
50,"2U4GBNA0YmlWzgYotg0Cc0wUhQh7xCAtAW3m9vQ39x1XOgCivERU6NBro6iFOSuQ"
51,"2U4GBNA0Ymm-UGXbxAfQQM0UhtnHmT6rBr1Wy2uaf0Q71lgJzI7OzTPYiNddfruw"
52,"2U4GBNA0YmmaGDlFGsX1jy1D7FWNwBfqHd3l4yRqlk145IktEt-1XXZsu3emHDt5"
53,"2U4GBNA0YmngYaneiOqqjmKnLpE90zW76GzBkIThKyCFQBM6hI_QF6_mmUdywxou"
54,"2U4GBNA0Yml6bsyNGujPxFFau2tLV9aYa1S92VyUYM4gjdMNeToFKTE900yciHYP"
55,"2U4GBNA0YmnJEFDZHLLGTc2WzSqYbAxoFBZ_xbLVipwKmBH2VY2T2RTKVk3ogD3M"
56,"2U4GBNA0YmkAnWEOTE8T5Qi4Bo59uKElqZs-Ek9aLDuTARoElnarRMe_rmM0o2z5"
57,"2U4GBNA0Ymnwv0veLYC-GpfhlK7Yauw-6tvmzEn9CPoNsDjupxmq83x62vpnTq0p"
58,"2U4GBNA0YmksaVs6bFZgCubtZaZaZTDFX0rE0a0aOnuYyn4tWyol17spcGBnezOD"
59,"2U4GBNA0YmnSZAky_qwlFc8iyTSTU_65EtrUoHispThBCKn7QJ7WW5FDYq2dUyal"
60,"2U4GBNA0YmmKYV15MnIdkgdfzFYPuYQbaQqxSPcuwShpXr-FuF2xRiLYSNAzBZ1K"
61,"2U4GBNA0Ymk-W54_8p_zDffA2xRxAM0MuwtlzFmP_yfRoK6Un8ERdSe5hNmWFSQK"
62,"2U4GBNA0Yml3hBQvySi_U_DgPhwZr2ZPHSM1BX7bdkbgcC1dkW87rHIz_K4sGcKC"
63,"2U4GBNA0YmnGxknrcs73dK24wp89BOjlrDjYLrdnh4QyU-Vd9v94kLDDhQJ1av7P"
64,"2U4GBNA0YmkXvsEk2t9tcIlXANzp7s5sNvi9mLjs_FoBRTGAZEPrCuxVoVWJPPGJ"
65,"2U4GBNA0YmnDmFpRxT_qBJ_3RErSW9o85AMQ6WN8mXbSEgkLw9HoLUZOdRR29IG2"
66,"2U4GBNA0YmlhyXP-FPHAg_-22ZASa8kFAXlabz8VK9ZFU7xBttUy6gtuYjX99lMQ"
67,"2U4GBNA0Ymlj_jirt2X3JXVbhrlie_uy3d9Gc-VYXnd9T4Jxwy5ZjX-GiYxVeByS"
68,"2U4GBNA0Ymk9Ut5HYiIGd6dvvV2ER3OepIrPE9dzZ-NKfWkmoMSSaRESxX_G6TT6"
69,"2U4GBNA0Ymn84FUTvW2PdRDN-ogYT4l4ILpvZcijU7eBxMWU_NTprG6b7vuJ3G90"
70,"2U4GBNA0YmkCRz5Z5cmlcPQKqhjkS8vcaH1MMT79II5iDJAzNlAPnwZs-sEhKmnx"
71,"2U4GBNA0Ymn2gnvUgkH05twrmoQyjCvYhQtDOCFY31bqyoKupaNPp5p5NHf94K5S"
72,"2U4GBNA0YmmUgI1Q9j345qZM6vYbn-lkJf_VkqB9f81T9QMbpMtZWPfyYwUm8Zj0"
73,"2U4GBNA0YmlM9V7NdQEaGwur74jAWFKdUkaCPwiFRWcTA1CcyN-XAZQJIirIjsbh"
74,"2U4GBNA0Ymm9aJ60bqXR4a5renlh-bP9RX8Dr33fMzYFDhRUqkq0nCMNtr5TkDHd"
75,"2U4GBNA0YmnvWv5VwYFMdMfSUaYBeyzetPYbYQRu97L_ltZ44T3EuBM1eKpzOZaW"
76,"2U4GBNA0YmmIlaoVeHAfwAIzki6DDi4tbCIsvLUAMFC4uEB79AN8NxSodYBHsXSI"
77,"2U4GBNA0Ymm2Cd2oRoERTNZDhF08n5u5IKaScJDvTXHes1Vmr_UQ0FkbNEjQ5K6A"
78,"2U4GBNA0YmlIY0XoF8c6SNOBwbN6D3SVer7dAgM1ulOWE2EUi2dlwdQekUvMXmMC"
79,"2U4GBNA0YmlNRqD_E5gHwLVEg1gwXz5ScdbbepNxJMXeFIot6TNf9QmikZ888iX8"
80,"2U4GBNA0Ymm3clC3C2aZ8nDct-rMMk2nWXN9V0sjzGNn02EL-o-4vMe-addE5Z5d"
81,"2U4GBNA0YmkBbMpq35MGNe1tPHqXuI266v7fcM128WJRJqffcJkaFcepGBHYfFu_"
82,"2U4GBNA0YmkkrrdqfuklTW6RW0t1WAql3txy4M5p5nEV4IqezWZAMtxmgDyt_kDm"
83,"2U4GBNA0YmnMI5rXiALq1e5C8xGZ8LURdcN2V0ZJYIQRFrmA2PlHVI0lwsfseX2p"
84,"2U4GBNA0Ymnw9VIPyFNuNa0uEn0zvgUsfOf0pe29HLgP3hhIzbJk8dJ7qloSmmOY"
85,"2U4GBNA0YmnvxUHP_HjBqVhFi6_WdpqFnzVRx7p1H4Q-Ta5U4kno1J_D38TZuY84"
86,"2U4GBNA0YmmSsasR6HNFHHc4Kt9nyBfk6XWKtIrkp889fPWi-IROQV47R5nNraDY"
87,"2U4GBNA0YmlW5w4DPoRkFwDlERm58CiXvrICEJJHqRb7l851QYOH7qjm1M_Pxg2r"
88,"2U4GBNA0YmlCV_Cq_t2hhd4KjOetiwXT2bjzUpUylDzuEFTxvcHHwaA-qEQw7riI"
89,"2U4GBNA0YmkDrkSIiqn2nJ6ZC4VPnCwtJuaQ3xBCop84d3RF1jiw-v6WmiXIblSy"
90,"2U4GBNA0Ymnc5kVKW6yKe3rvHpJjVzU05KstIO3XVNsw067DRfn6_qHRX__JI02v"
91,"2U4GBNA0Ymk3UVZjhkmQoLNrU-6shEPrhi1uU1LS8vHLTXrGtuaSD_IaPlbWYGNP"
92,"2U4GBNA0YmnYRmJv8KtKTVv-PhEs29XcrBP-jPog0TGftM9E_7hHyOmm0SeXUccd"
93,"2U4GBNA0YmnmcvHVuhiiPlFAmlVEixKezO7tbcfcYQ_y56kkcFrc-LC970iIRijN"
94,"2U4GBNA0YmmLwRcYoomtm-LoqnArpgnDsWGI_PWd4qlP8telGbAl6_KHmNO7OqVI"
95,"2U4GBNA0Ymm3r8AdXP_bSzbITuDuIjP5W5EeLGHt9GgE_DygEAbNLQ4gEFSOAjla"
96,"2U4GBNA0YmmWALcgWtLurLMjoK7GHOKLPM0JJtvGHvjgbWUsTL-yps_Q0DOqVoGZ"
97,"2U4GBNA0Ymkgq4tE1YklSjrJyfbKSLP5lU4H4z39xHHcrvn_dEEEmemb9m499Vra"
98,"2U4GBNA0Ymn3Ig-v10XMdFomGb3gkw-p2OjKgZg6SLtXzIzmpG0n7c8Kj-iy8E6P"
99,"2U4GBNA0Ymn2O8EN0UfxGP3XZu88wuBqI6bO0bmV9pv-mlxoCl3vKL6c53W_wufN"
100,"2U4GBNA0Ymk4qSR1giIpJsF89xQAmjPpxyya5JCyLjbkKFUYybDg-p4V9UnJnB2V"
101,"2U4GBNA0YmlHXWa7-nxSVPQBi0lRJ4y5DNds1oXoJNW1FCpjFdKnX73W2uCipMql"
102,"2U4GBNA0YmmHvSvciyiKfQ1V_jVy3UjeNkCgTiud3wGllNI6gjxllcMutbTXRtB9"
103,"2U4GBNA0Ymn2_Dru6BjDjsEltABpK5EuIUlsn_hgYyoOPvCL4nDMfhqRPNsGARoS"
104,"2U4GBNA0Ymkaw6fNIZoIO7v-Nm63XyNKRtaElNrn_jQZRZNWjFrqcDBLUfFfOt1h"
105,"2U4GBNA0YmmbQwUuLZVpZixb0AfjuRlZX0PQdZ-55P_UcCPFzjNgw3xYhliqd1fT"
106,"2U4GBNA0Ymm7_nzsnnu1em9mjzy7FYbIfvFNH1VxNdhbseN4j7pQvHchJP7EN08S"
107,"2U4GBNA0Ymmp1gh7KukVYSFyoN7RZJDnsD7cRGOLQFi88xMsyU6a8tdVRdV-RwUR"
108,"2U4GBNA0YmkAFCpyQ7MJJ9tDFdcHSmGmh1wPAZSrklLqZ8khjlHvfngAPOLhXC5m"
109,"2U4GBNA0Ymke0eJhKNW53LCj0_VzQh4fEiQ90W9QLintZjslgRg4tWuCrP_95WDJ"
110,"2U4GBNA0YmkriiT8haqidz-Wl96dNoErq75VMjFk7jYmOiHYlwUPS9ifhuWAzy8F"
111,"2U4GBNA0YmmmELjTtNdXBk_QdwRYklJYHN4onbfP65bNeKKeOvk0riSufFFW7wPj"
112,"2U4GBNA0YmkMgULJt5W2v8Sa-_hx7d9PyzhuWYfLcwe5lHPRGmhu5Wt3AjpLDmjr"
113,"2U4GBNA0YmkFECS_LHQI0JRrw4cmweZQ7Z2XSfjP0dKSGAj4LQpdMaHUyGwuA7FN"
114,"2U4GBNA0Yml1glWm7fjhlZbE2WYZXpbKQoeOozKbQ3MD5X7NI74HVituIoqs3CLE"
115,"2U4GBNA0YmlODeUNZer3EA5fSdwP9kfZe_tNTP5S9gGpw2aEq5dGNLVe5mT0po_A"
116,"2U4GBNA0Ymk_zHxS8iLK_iGDoHBFj06scNLk-Yb5lstiwJhvUofwG66YuqsT5iEh"
117,"2U4GBNA0Ymn893LiYNr3-RUb0cEDXRCTfv74VdXGVO4xzsoylnqQy8TyROL5rLVp"
118,"2U4GBNA0YmkMb5qGFUUGaJwTGeTQidbWNDRjgjsL4IU6NdVIoZq4kFklJTuzz34R"
119,"2U4GBNA0YmlulsXoRU1YLvp6n_fMN37CMCwapmYcK3bWj3TrcwHyT11CZha5k9Ul"
120,"2U4GBNA0Ymk38QngBl7hqNCrhe0LqKQtdXmawSckLc_qvSlMGTCc_zTTIKhW3bI1"
121,"2U4GBNA0YmlmFrgWuNLgaDbYVMUFc8q-7fMJDQUHbdp9W-DStU16wyCNshEKZvfB"
122,"2U4GBNA0YmlRF0HvpkFAjceAa5SM9Xtu5-EVxJT1S8R8fV-7iZ_WInGiaiXSG1aH"
123,"2U4GBNA0YmncFNATUB0yQ9U3vWHzknKOVOm9nbc0GtAUtND0nQT6En53cZ43UwGu"
124,"2U4GBNA0Yml6Cqd42XHfKKHmd8J25oGLxASzLbTT22SelJoQNRpftt2TF-lcsWEA"
125,"2U4GBNA0Ymm-6cysVLZM2kCZS71MA_YOaswXaEJyRg4NwZ9sOqYGrqa8Rcp4IyXt"
126,"2U4GBNA0YmmR-hootsmpPjlxnJ1JhcQOrT3Z_jU1wb2KAKiPBxDsT6FzBpcQcAQ1"
127,"2U4GBNA0YmmEkfdpe73QJoVXnpRBRgocOwSKbLUqTbnbplqwhmzrxabTF0j6q0ul"
128,"2U4GBNA0YmmJku37N6gswbek7J4vkcbcvOXE85CYw2xwAdAOqvFMhHbv2OCVUzhi"
129,"2U4GBNA0YmnA1-aB_IfOF1Y4jFsZRPYPxhMbeFA6nsru1KJNfTX_Nhy_Big0RAZm"
130,"2U4GBNA0YmmWiu9RptNNseMYDazEhySjTdspMUPgI94GeguQM3kxuehIrYgkfmrb"
131,"2U4GBNA0YmkZf2hyG5lenwVuHaDhEYdbv5E8CnAmgv6sM5LAz2Vk69LyDY2qOcwK"
132,"2U4GBNA0YmkKQKJiSceKPzmxiJhrCARQkFXL60rvYrOoVDA1SUpbt3tze2y01Ov7"
133,"2U4GBNA0YmmcS3ux02u6bjcHoVVyMJYipdezXBZVVhkeBviVp8wFKggqaKAXNU_H"
134,"2U4GBNA0Ymnt8R2ZcNb13f83aI-tTfFGFS_m8k5T9IUmX5q4NBPSFWTM4QwRaMdG"
135,"2U4GBNA0Ymmpb5EbA-xPaOKa1R2pgkavU1wKVo3igwSuyfBoXlSrijAzggHBnJKA"
136,"2U4GBNA0YmkExd-BWvk0siideZQikbdHnE_6mqoQHVvH-haTEPOf6GVt2GGGRgtM"
137,"2U4GBNA0Ymm0PidejwNeWOjwPlGkWJCqUogcrMJrHNmEzsR9jWv1e3RbWiGHkAlu"
138,"2U4GBNA0Ymn3oPcvP_nXSl4nbyHBg81lUy1SWJ-H8ggQETeqf7Xs113Q7O7GYNaE"
139,"2U4GBNA0YmmFNNei58uEENbMCcKnVAbN-DBs78l3akrPoi_O_p1-mgzbz2IouqjB"
140,"2U4GBNA0YmnCnIv4AJWxuhKDYzR-2FJXMyNvCW-ntRzarUJ4gjWmtl8k5DD4rdZw"
141,"2U4GBNA0YmmtEhO8LswdqwT1ssFxQg275E7qile96E_Fl2Ky5Vts6cTHCHP5icCM"
142,"2U4GBNA0YmnnO_IohygcO4_OEOn9z8B9q1jwXPlhyQ_18spwfe6wAQenr4Ev02lh"
143,"2U4GBNA0YmlkmkLCN6HzLjuyCfyK7uMIUfPRU_c3eks6EKY-3D-MWTpCUz0sKF66"
144,"2U4GBNA0YmnTAisCkf1FUSPyxHNUDfwWzD7bmNl-1gBf3WetGekXjjszGQt8Mj6V"
145,"2U4GBNA0YmksjccJtWwYEiOdKJdJBu8grVLBUJZjGojaR2cHFHdFW7x_Gukv5WQI"
146,"2U4GBNA0Ymlc92XU5wPmpgdFjGf6A4FPu2kEW-wEaSzqnDusTI0ORiwRqnZMD0pt"
147,"2U4GBNA0Ymlr72Wr0NY2Xls5vqZImngzvV2LXZxm3s9kKllE5HBk5Y3d76nCUUm0"
148,"2U4GBNA0Yml-tr8VPnW7B15B1Pmc62uRI4xMNd111TNC4jcYW7U_EEXRF1kAoGEd"
149,"2U4GBNA0YmlAhQNDkkrXjAd44HH-lSth_77yzGvXcjengHGZOzeSdR4yId04guBu"
150,"2U4GBNA0YmklT8chbypYi7s5aFrBqxzvEZZx3nZzWNlJ9wWIYa8BHVohJCN_GBZi"
151,"2U4GBNA0YmlC2S6TB8GOgh5ZyNrr-BWNJfGHr7J5VwRwfuOu1E8MpP1gntJ15YUU"
152,"2U4GBNA0Ymlh-qpIWPpNWvQrroRISNq_78MKMoPZdqJ5iXVu6WtbLkQUhTrq6vC9"
153,"2U4GBNA0YmmoxSjB-P0C8QE_2PBN8trnq9pCP5uCvHba5QiAfwv4MuBVLZBCCZ-q"
154,"2U4GBNA0Ymk1LQqC2Rlr8_0BvGJTEhvwXizmWMt2rkrO1Xf1fT84SEMovoBo5-FX"
155,"2U4GBNA0YmkRbBkfRzITz2Mlv5kSIKqdtddpmruAJAGQ-OvULb5-cV-0YbYYsdwi"
156,"2U4GBNA0Ymkc8tyJxW52zP2nymTMV6MeesHrlRtwbUpaCx2tyb01-nHl2Tsx-775"
157,"2U4GBNA0YmnFqgPo2vaWHHSoeBV4E1lrOMUQYlo3GXyATWFHD8H7zNlUYY14U0xL"
158,"2U4GBNA0YmkVVFkmu54_vmMaJRzkgCHh7ZCu7KNCB3grEn6urS8CAPzvfd3DJ55M"
159,"2U4GBNA0Ymm-85r2i6rWO5Dz6QRxSsw2Eeoo2BGuwpwUQawXJNbRNsiK59apTNvE"
160,"2U4GBNA0YmnzE-gNZ5iHiNyzDxixXLux4z3fUuVtzl92pOx5ISvpTPf30vRFKPXE"
161,"2U4GBNA0YmmQyF28G4CflKnDACAn601NqK6eMfWVlCjMLKBFvK9yCasRHeSI7Ij8"
162,"2U4GBNA0YmlidXIkbUi2SWd_D9W99bDIoPIRlF3xL9-OissLEJw8fMRxmHmlgG8H"
163,"2U4GBNA0YmlzCqTST15cIm4YiQwv0FAG3dEyYvj1V68GgkyjMzn6P2lC-0FVqY4e"
164,"2U4GBNA0Ymm0F88uBUB1JmfCVIQIJWgcqGJWFY17IiCpHIOjnOissNK2wEniRt9V"
165,"2U4GBNA0YmmJe4cgqzrZ9xe6qfLPKJ6J_ZRxB9AUgGBcRBP5EfFiqsafjaXq9DvT"
166,"2U4GBNA0YmkC4yf982Gfm-1Y30lGdpgSRBXN-VyItm-ssBcPbMuRs9MiL4tLp37A"
167,"2U4GBNA0YmnkK3w9IW104juhbQkBUqlUzV2IIIgk0_h8ltlM874HyNd7ZtFjXTVB"
168,"2U4GBNA0Ymm12-SJFKun8GLMJgfLySy8K7RFTiGYlerd6-7q1g84Qi0mT5oAItBk"
169,"2U4GBNA0YmkSQEUNcsK9SOoSAUlM_QqwKLt8cActVbOEIlz0AV5oufedR21b5CWI"
170,"2U4GBNA0YmkCAhc_bYzS3Hyx8N2LgrOeeOmR0I6UCz8mv8vik_bFe3M4zpNj4EeQ"
171,"2U4GBNA0YmnxQdGpkFi5dDwa6klUXjDKt3O9kbAYJEzj7z75hKWjq3-LCZiKYloc"
172,"2U4GBNA0YmknVMiZPS0Uc1sc-oU7Px-5fyz80IISpFsemdFnfjqN6melX2Ig7v9N"
173,"2U4GBNA0Ymk9mPOU7yZiivdjTfZuC_y_bIY0sfIy0c-BYSFeSqXq9YGTMmc1aWBJ"
174,"2U4GBNA0YmnAgNZvr05wAuzEmHAc6c5dcl8rVNqDNfq3eTpIuMWcpf-JpeS2u1hA"
175,"2U4GBNA0YmlH5tsfGkhMGQB1t2a3ETyOReqi12iuU2P0DdIsYUkaeaWaUryPEaSX"
176,"2U4GBNA0YmnYhOuVKSjZLjRn0l7uQ1iKF51CAD-Ur1it2wPpAy3x5Wn8Rg0j2EnH"
177,"2U4GBNA0YmnsCY2qsY4nVkAe7cYg7mA8z2yzRNDQ3yl55WORubYPI0kzNQfRZFst"
178,"2U4GBNA0YmmL5X087KoLrljCPeZ4FMOZB7Sg4ZV5K1iX7L9-RzyloN2_clTrMOqO"
179,"2U4GBNA0YmmVsdz2NU5l5ZeDP6u_ytr70uz1HUgOSnUrbEqkm3GCsfjTInh0t8aD"
180,"2U4GBNA0YmlJ4I-QM1drx_PxIdYWPQzddm0_wVY2kF31iToKS8lpQSNskQdWYW5y"
181,"2U4GBNA0YmlxSQkugYmt0RRRDZ_e0sVOXi61mwdmYXTz3syio7eZOUBeulN8yjlM"
182,"2U4GBNA0YmnyxBX6Y3tZBHADUauRjJptasdGXpWr96N9e0ZZFWjNrop_8y0AN_CS"
183,"2U4GBNA0Ymnnkrl2xJVKSBRDB1Cee76c-pQEM13VSceHF9VmXcl4M0ZBS6GWbeLU"
184,"2U4GBNA0YmlIyq4E84UX5XSdRgYy8TOFPpZQOAq_b4lCfPZ5UrLKNZ2ONljG9ZCC"
185,"2U4GBNA0YmlnsdRMtK6E03xSiYqBgmarzDN9NZxslIwq35s7hkApWEHW18OmObn_"
186,"2U4GBNA0Ymnfnr1ErpF_m9lxGgLOtLswtIeApSfajNcpsbPtgWJoepc6uYBQQtBg"
187,"2U4GBNA0Ymk3idCX6RaQEwN1RUQiA2UbjC5X5N5bTh7iHNQ9v3Q3H7srYj4ba6xV"
188,"2U4GBNA0YmnJp8SEY-7fkcdRmj13bBJljsku2CByTEP_SJeuOHctmO_HnEvWREZy"
189,"2U4GBNA0YmneyQ_3dqB1QrMrtJPZoxzU-94o_uh8p14nzw41JVh2puSiEvAzjxnB"
190,"2U4GBNA0YmmRgxwyWFvYEauZWm5imLkMr1oXALMWbjE0sDyXbKH3HVec-8AvuYjb"
191,"2U4GBNA0Ymn-CD0ca6sOAQdD7uRCvO1xwn5BC8yMcBzW3RrpJ2KbVfgCBaRzmsav"
192,"2U4GBNA0YmkTREAF42aIHcncrif6OSvccTygK3grR1xU0WQQhizd-7uJythfneLP"
193,"2U4GBNA0YmlJbHtm7XzrwULHEdya55vL8SeX3ymATFK7OIwnuFYEBmWD7GCpftcb"
194,"2U4GBNA0YmmRNj5zU7p6GhuGbFfarBQ9ZKQvCmf-D_XZBj67lQQ_xxQSrkBJuGUU"
195,"2U4GBNA0Ymnf1aIub7Ihns4_nDAPdPMqTrFfdjHEW96AKhvy1LQ8591acwAFg9Ql"
196,"2U4GBNA0YmnyyGqFMMdjX-KsrRD8sG6nfkmh1D0hq-lzsuzs8O6220GpKemdKf-0"
197,"2U4GBNA0YmlXT2QIi-eVJTwZziBRF4GU0RRG5DE13OjZNDsb4wepqXxkqGR_Nox6"
198,"2U4GBNA0YmlkDIOjUjHPrioKHomCzqI3FErMzBl-UwvLzFQd0sr7XAqFrsVv4X_S"
199,"2U4GBNA0YmlOqkMmIr0Uf4VZIy3o-rtNkhuE_lWDC6iKaZjmP-pJzREpQBl71Tpj"
200,"2U4GBNA0YmmPjgPZvbRd9s7oxgHx0yTKIE_LSvKLts5vfVUla6nNZpYcysrb1sai"
201,"2U4GBNA0Ymljt8Jd14AqcvTM_FtrZnh6W6XBPj7n520npO47PYAC54rXJAiBB51y"
202,"2U4GBNA0YmkX2AeF6lqOA7lUiqHxGN-S5df6S5mM6bbFE36dnUZcQWu2KBTwmUm7"
203,"2U4GBNA0YmmxxcAqAQlVpJCYh7FVT8FUZ7j3TEBHBupjDwPVcW2DrF_RMEXRIElW"
204,"2U4GBNA0Ymm6Rs0p0g_7Cdy9Zsy7PCIw5VVQKGbSpsL-VDUpNEjOHmfkOP1Mt9mV"
205,"2U4GBNA0Ymmd837ZqqagG3k1VFEyGZk7hyuBm2DO0z2SiXb9G_0smeqCZ7UB1O1L"
206,"2U4GBNA0YmmcGwCaotn89aiBArwQ-J8T8YGJFmfFI0iYRXU4NFh14ZWldqb2kSpj"
207,"2U4GBNA0YmnggH76PZh_AnL5uy_yW68jG-l-NiCDRl6pPkBAGj8IGUc7q7YptmXM"
208,"2U4GBNA0YmnrF_3OBx7WDHApoISafwyFfn-4HuBhmnKVtdn8k_aIu63syT55j46P"
209,"2U4GBNA0YmnOB1HgBikDuhb-ewrIyvxNpIpj1wn7ZxxRxMTRC_gJUFiSQFaukp_t"
210,"2U4GBNA0YmlG7qw7gEyRE7AJooS6tQnXWBP2tJQ3lPcbQ2IOxXOTh07sWFJFa2ux"
211,"2U4GBNA0Ymlvz30VxlwS-XK4WOJfhkKJEmEJ0nrc4c29fsMt-jbtmpjLpZjiG-03"
212,"2U4GBNA0YmkEYvxcOZfHi_HRuy6J8qZV3OrggfX4pBoLy8vTUXVa9TkA48VaZKD5"
213,"2U4GBNA0YmkQmdkHvl8_UrWwUQ7Hr3dd8_7fAWW-PyL6zWNtHHGgMoiTWba6SsuM"
214,"2U4GBNA0YmkpdmIn8S9pO7zQh0_4ZQ85_v0f79BoWHI0S9HZtYpjyeHCaZS62LyK"
215,"2U4GBNA0YmndNi7YSU3tog6_aKXoxdDY3k8nH_VwNbuMKeBP-kNTxUugf0hl4r7_"
216,"2U4GBNA0Ymnq44CdFc7Mj8DvAEu2bCu--hK9VxrmAHIB6xnCgb-USFOfaajEUkLv"
217,"2U4GBNA0YmlFJwAtY_kMbhLfdOz9B7NXxg6JGnQEuB_13lYzNZMvr07gXjRFae2Z"
218,"2U4GBNA0Ymk5pqHmJ6UMA003P75YNb9_gH-JND0GKYMjSTq7tvS3cqhbncRUWvlU"
219,"2U4GBNA0YmlR_tOEknB7SAO62XOSHOmP33lxvFFfApLGVQomwlWlQ-jJkxK0t-7z"
220,"2U4GBNA0Ymk0bbYhdnqTuUn3GXnLtjJXSFth0sFt45gHi8dBbuLWIGg-Dq2yV5ls"
221,"2U4GBNA0Ymlay7KQA-YIcODhV3O79cw3uDI0PiO8RiyjYJQCpsWVZzbdH66w60O3"
222,"2U4GBNA0YmkZZPEtsPiag-1LUPVbbZi2uCeoHr8XdFlyydCfIsWqc7ePrWayczmD"
223,"2U4GBNA0YmkaUR1jYBTVjuqEkiOoCcxoIJL0y_vCkovYmZJp-vO5PQaHJrIigDpW"
224,"2U4GBNA0YmmMggtw5YWZ8g9uMkik1DW8UeV-vvN6DSBvnsnVnuLXKlcLQlClygUO"
225,"2U4GBNA0YmnX-MUnUwAorPShkk16-9RHo6KcRsCG35FvbUBqzVKOxDaHvNye29kz"
226,"2U4GBNA0YmksXjiUwlmA5Pxan1lcvx2805by5S_RM6mVALjEXKKm_vtauhPXQZxK"
227,"2U4GBNA0YmnkvLY0jFHhSaG7J7ZckHMpmAWLG-hAibxom8JC2QO6XVLKePfEgemk"
228,"2U4GBNA0Ymnwu6i-Pcyoj668CRVqqGU3cyY4OHShWNuEmOJg8GAB6yn8zPYVUqhp"
229,"2U4GBNA0YmmWPBWPOs0XipfNOA1sBhqe1qLJkaTQQmvRgEW11Vk1CqMjXHo5jCDK"
230,"2U4GBNA0YmlL5nPeCq2Os9rkEl8vx-vIoFaxQDJT74Bok-UQUEWfVCDVRaygzKS5"
231,"2U4GBNA0YmnNHj-j1zanlGyVRVoE3nZeiJEdZvzLM1bBJTcdF0DfDau-MQhYPqE_"
232,"2U4GBNA0YmnXFta2uTHPsr58Iai8y5mu1BJYLx8x-ESH5Ug19PckZVYjefCPUBQM"
233,"2U4GBNA0Ymmfpa0L7dJn78n1fP6i3SozoLAFnNYZjkH377AwLBHl1LGGOXMII0z0"
234,"2U4GBNA0Ymn6iBEOUHViGNQ-1kURMfygJUcz4_CIHD4dDIUxd7pAzViPMQhqhelu"
235,"2U4GBNA0Yml9EGVB2bf0OWZl2F9rdWCVAOASbtvYAPbLS3IoEEsVsa0azEbBurTs"
236,"2U4GBNA0YmkjKx5aYG8_VRcPp5P71yOouxWoYc24aMaKOghul8TU-fspOc_VueJx"
237,"2U4GBNA0Yml8Sg5IQGSWBaFL_xBxpS5g94goeTuElj2aDxtf4jXCH4_EcU2sMQH5"
238,"2U4GBNA0YmkwzhU0QGk6hb8MSjusWVUfAfA5ksbSh7txRrSpYLZ8QRwus38HlQp6"
239,"2U4GBNA0YmljwU8_1ovZxtTsHgyWiJclX62crnO1soF8HgF6Q2e3jmsUkGpn0OUZ"
240,"2U4GBNA0YmkQknzgv3A9WJ9wo2kH4CHBylNOMk716XgpMMX04AE9U19XcLoy-07Y"
241,"2U4GBNA0Ymm3r5AsJ0AxBcVwVA86w5rK4NP1SWhF4I0UsrTbwdtZVa3vBt8LJVil"
242,"2U4GBNA0Yml6sf52pb9yQPfGOahYmwSf-qkhdhkvZgLEzeDrUOD6ngucBNOdekfb"
243,"2U4GBNA0YmlZATdHjDenUT9NDI62odzwYLyIs_aygajnsV920nytShEF7dmmUfwT"
244,"2U4GBNA0YmkCtSeu6DFAkaShN3Ew_BIt44RtQx4aVDb_qgCK8Wz3rehrl4BCKXDc"
245,"2U4GBNA0YmmCFL8z2Qwo_leMYRbbgQV_bZ-3cW1lHamxu7LcseLcTBCGeBhfYY3F"
246,"2U4GBNA0Ymn8upXQVG-rDDfKFnjObN9Tmw_4B-glQoYF3ODie1u6QU9QBJOnSDji"
247,"2U4GBNA0YmmoYG8FGS78T68N1D4aNZrwIM0urtdMqPlqSg4DIoNbzB60WMAJn7Ck"
248,"2U4GBNA0YmmQqSuNxGgoc0EF48e55lnE2E5qMlN9zfFo1tzIjFFuF4NnGlwqvSCd"
249,"2U4GBNA0YmlkT7b7-n9wrOawJ-8jZ-pwe1K0JbohUTSlAeD6dVmx_YotchR1a9_8"
250,"2U4GBNA0Ymld43J66YTIqSz4WDQLPXYprd4kICXF0OzV7y-wOXDjdxGWvaLdGtXA"
251,"2U4GBNA0YmkAVGp7-bbEskukA9U-7zU3UghcBbnfiBlgFy7PUYPGd1Jqvv5xlR7Z"
252,"2U4GBNA0YmmDX_BFOU3geJRKEJ9faSXK088IrTuyvIuw6aRiX48Vb5cNpgDI6Q5x"
253,"2U4GBNA0Yml__baLv0CKiRZ7qPpyr6i2TpK72_NorxwxlWgwgfR_H3MgKquMny48"
254,"2U4GBNA0Ymk159ifOjuIEwzfNymM1HSCdAk2on-B9cVYNChR4STenCY_of65h-Lo"
255,"2U4GBNA0YmniNSqY6vdraAFszTDeMSuL9MKpEpNFSSlUmKZpOQg714roLj1LqbLc"
256,"2U4GBNA0YmlyN3NQBYXpxIi8GwD_bviRMAK2ddYrDHaSZFZjsA0yFFVH8-U9korE"
257,"2U4GBNA0Ymk9Hom7A1Wo2FA8p4oJcHuzxzNZYNCkw0i5D3-fUP9lTDJQ36fLdq2M"
258,"2U4GBNA0YmlQqNtsM1eA0DvnNM1wCwd7S1WpqlFTm3US-2pkOn5pBObigHfYak2l"
259,"2U4GBNA0Ymn2zG_Wd5SR-J2QPp8IdM2wDesDNCySLYpDVjR1Ep7PDid_6sQjyjdv"
260,"2U4GBNA0YmnyRSJeqrjK_0_Zip4re5XevuDkLGvSEkRqT326YH4TmAgkw-ea__hK"
261,"2U4GBNA0YmnhmhGe1_9W6RMehLGNQdOXMy7jXcW7DQPf2Dr5dtHSsgWrZMemFikO"
262,"2U4GBNA0YmlsWVXokRELXplvkJXU8f5E_qWg5TxSRAE2VeU0ui9QhMFM50ycs_5F"
263,"2U4GBNA0Yml4L1xd5MDLAaIpHRLknAKYh0ikSy6gWzMaLxHMsaTgAKXrFySXK48P"
264,"2U4GBNA0YmmH4jtnstQne66e013RjPD83o7iM0KsKEdGOFeL45SpSaL9H6MRJEyc"
265,"2U4GBNA0YmlhoJfza0lt8EEUV0EbRzuXXrwXw-0iIIOu7Ht3juPM5EtU7Yj6S7yb"
266,"2U4GBNA0YmlEUZXlIwmSyhjftjpEQoHLNRTGLYTsZal2gZhNXvEj7Fi2Ol7DBM6u"
267,"2U4GBNA0YmnP_pc6dcqZ5sZpc42_uFnfprkIULCZAEwDRxNs-QXnPjlsY80NqpOM"
268,"2U4GBNA0YmlRE_EIVQpdpn-8unOBVywSYLpNinHb9Rcov4aFETOS5Y2i9woOSh6s"
269,"2U4GBNA0YmnH7pg7jcCYt01xMurTB9tJk9_bpqNT3TkLM8KsSjs0K6eQI8BFnK9M"
270,"2U4GBNA0Ymm1EX50K0Mg0UsAg7R1R4FxB5giBaJbgTK3TEvJ5oJEPyeyv6OmN902"
271,"2U4GBNA0Ymly6Vny9FAAycjAxcolgOlDiX99c-5kZL4mB3hk0VpdE95g4UApXWF6"
272,"2U4GBNA0Ymk26oMshOQEYzTItqljIowj4asgoakC075hfDfzWrMtICDFesvEUUD2"
273,"2U4GBNA0YmlOUD5p6t0FxfnMKxQTl_2fekxVtVRUoerNofDnCpf-a8ILOnlVco1h"
274,"2U4GBNA0YmmLeYgBr9lcl-mq68BFncoUS2j8eOs1bSjoX-JFEWmGm5Y0cInozjbQ"
275,"2U4GBNA0YmmvuyhZuNnfyo9qKNpCBO54-uvp-JzC5yk3Njr_GowGu15fI9W8QRxH"
276,"2U4GBNA0YmknItGWLm1dwSKkZSQb2s0zdBKykLIX7AxTIzzaEXNGAlEeKMicMboi"
277,"2U4GBNA0YmmMg0KU9pRcr2vC7TTVptJUbSv4hf20OY4mSh2RZB6YSPraMIwiRai0"
278,"2U4GBNA0YmlUjx5hpHF4B8a1aUFl7YOqxjoDhP_Qh7j7r-ApMUT0SqfoTPnmb5PA"
279,"2U4GBNA0YmnGEsPlKgRfTjwJAhpUJedphNh-lxZNd18AjP898N1IqQw7t9KqWdY4"
280,"2U4GBNA0YmnHNG42VXyqVYWuFPTCF-nPzOp_kTJLiW3We09ENtKIrdAuCKKwCWij"
281,"2U4GBNA0YmmGNOOlsAdT6yGNbpW8GLYFLgTWu3fGEKBO72tCyCkY653EUbuQFYeQ"
282,"2U4GBNA0YmmnVOVtPIeb8ta9yCeS2tYQ3FapPf10U-1CF-BQtZl_3VeT46H_ASAB"
283,"2U4GBNA0YmlCWkiVU3xrYg5wxDGAaWejkSs16OOHf-ADOXqA0UZ8B_ifIs7aQKTq"
284,"2U4GBNA0YmnHeZot7lLtW5fF754jJuQHrbDmWNSfJNwKURVOti6cyLZs5vMkdNyv"
285,"2U4GBNA0YmmCWEiCkeoOWjd7uBKa-FzfFFbrar0OaV6UAPEJGotvBUVGq3sGHwic"
286,"2U4GBNA0Ymn_TadrPSHvGC-jT1lOfUVGLgmgn6NrRJ4yuGlvlfkJ-AuGbe48gpMQ"
287,"2U4GBNA0Ymn8Sycv_B6157aOGxIHGvwJYVEmb1swekVS6uVwcZjYe2BpD8T8FbzW"
288,"2U4GBNA0Ymkv25eBhnYwx0EcaX_IxjMZCo48_vmbHR8bEYpK_kVC3UXEmBCcGe4j"
289,"2U4GBNA0Yml_5uNQ2piWqYQ_-t5NRtosG5MifRK9UAImGCwdm5B8qV5R_Tfq_hjC"
290,"2U4GBNA0YmnL9U6hgEJEEQG06NJlp48-6z_iLuGdrPEUtUNEfKPiCkjS0tnkOG_b"
291,"2U4GBNA0YmlF2GaVkW2v91bt34WhtQBLwjnXhQa81iDTI33_fKaf9sI6RYkxDjom"
292,"2U4GBNA0YmkI7-lqDBiXbAh8rO0DQONV_m_rHA6e8G7Z4Ksyqp4blg5LyUAG3WHc"
293,"2U4GBNA0YmlRd3Gi6RFbOKr_IvX-0CK9jjXC6bSGRnzTFWSErGlTuvOsGFSrvOAD"
294,"2U4GBNA0YmnLX2NjBx39Wz0wm7-RbXgQqOUPKALVhOnEzDeruiicHIQ0WoYxNpxJ"
295,"2U4GBNA0YmnETOhsqpMthUXuCO4k1U61kzOSmGYq9mLmex8315-OiDHwfwAsjcNK"
296,"2U4GBNA0YmmHqqHsjtTPbKDWVQ9WCxx165902MAQu07_gpnW1D8EyWX1OVV0YYL0"
297,"2U4GBNA0YmmSYYrroZNXWB87vYeIoJgMvdSZH-cG4pAJlfVJDcE0AMdVGzIDOCey"
298,"2U4GBNA0YmnM5mDF8M9V2C9FRG9tB6fbITCzQVJGbhXaH0-lTNIFDn8PXRUHEiXO"
299,"2U4GBNA0Ymlb2GDVEHZQlM7vkwpHwlBEWdgIC-rrnJ7hAJXW5RzzhQs4r_NOLwA1"
300,"2U4GBNA0YmmdytO4V8cfdnEzcADoxZHVHblrIadfqCGPkmnHYckBN5pmM6kdZjMA"
301,"2U4GBNA0Yml24zcp3edNWaIqXlJd9156pVJ_mn2n8cVgtBK61rYuZMPpg0a1CyLD"
302,"2U4GBNA0YmmgAjwlfU4O-BAPUdVQVwLA2bcZD2tfo1xDaV5fK2gEp2UK8GzmqOr8"
303,"2U4GBNA0YmmtoZmDeS06grgTNsizkVKIZ1_Nps1fuzO9fxcHnCuRZt2J22zZP6uN"
304,"2U4GBNA0YmnMSnctXx2itnSdLabdhrZi78WBq-AtPKukPHwGF-nJTg0ZgI-iykX5"
305,"2U4GBNA0YmnMaK_qpEoEFmyUl-pEVldRNQ4j-3aWmoYOjAYIH6qVp6JWwHCnzKER"
306,"2U4GBNA0Ymn7hzYM4N_jUZnkt48pd8cG87_cSZODyRAEQhhDSDF16o197H2QTi1-"
307,"2U4GBNA0YmnXqxDjYnhszgDVYi7PND_i5YXXYti7I0rPrtG9ABGFz5GPxB5ehW-A"
308,"2U4GBNA0Ymm7eF1tL4lGfJJlnkH8vb6s4jWHejCU_ebBF_9e-WqF7qle-5jUZSGJ"
309,"2U4GBNA0YmmJ9YzEm6SHIBcMzpIrTrfPwzflUvMkT7JUhwyv1Q-0hLh-pHbRrNHt"
310,"2U4GBNA0YmncNGNnzifgzQ1qatC2cfGr4IBegCV6HbpNUaUU4pIflO1bOHrbo7_5"
311,"2U4GBNA0YmnGqVcl6lfTK-We8cmQowxM5NAwIAE9LLTd67qB5TYDRBdGKd3oKrqH"
312,"2U4GBNA0Yml9taun4Tb0BWZCO_56ZdVYm-2VnDlm-5a4y3MjKZoZdeRb-7ZQaJmh"
313,"2U4GBNA0Ymlt3ciNo1HfhSaBnlR0YOUws19wGRMgHoC3YK7WBD0fS160A23zI6yz"
314,"2U4GBNA0YmluMWTxAoEnPZhGxNhmJerY8Mpq_pCkQyKLnAzQYh_yizs0idpJ9plz"
315,"2U4GBNA0Ymlzl-prRD8Ku4SStpE8a4hO3pjrBwyF86J1uQA_jFtkaw9p9ftJiyMx"
316,"2U4GBNA0YmlMXrd-BBvpIaorPgBrY1EEZ5bnVLlO4U-MmB0L087Ing5avQvP6gMG"
317,"2U4GBNA0YmmvRSrTZ5DSr3NI9CogZp4CEaN_HEamQAs8flCVNmejKMzzoaYZIFVP"
318,"2U4GBNA0YmmQzx2XZ1CNdJeGX6p0g8GWQ0lTJUc_vaGFlAA3irr7DywxTLVnSmVu"
319,"2U4GBNA0YmnBFjo_MKobcKbkhyj0D4vcVzeNr11FZTcf39DtK5_goprS94dPnkMq"
320,"2U4GBNA0YmmzjZkl805znKnzs70yC8MzV15IYntVN_kXkBoJFAb3ywjXiAjs_GXK"
321,"2U4GBNA0YmnjMf0Y0qf3Qe__ZsApY9xc2Z132lQuE1SpXpoFJ722hkaqdlWbea1E"
322,"2U4GBNA0Yml816iGS3sj9_mMCUFKmAbdqyazYtCbn9lnSIH77eTfXXcbLuSnEVlC"
323,"2U4GBNA0YmmqGo9prOIOOLseKxs_exLh-R8Q596qpQztOoM2EkXfZFqRYbvswOhZ"
324,"2U4GBNA0YmmG9QBcuZ0izB46twg8lfYtySR-NjNjVA1AdXiI0k4Zsm6jEAkfxYSj"
325,"2U4GBNA0YmneLhzC6t1DuPp17nGrE6UlxLZjjpgFA7osCss1UrUIunedxxlS2-mf"
326,"2U4GBNA0YmmhllPHEmw5mmBkS-ZtzVjzVH7gxkfb_IUk3guy01K7HYKAIDjCJD2S"
327,"2U4GBNA0Ymnboc-TkcYfcQF3YxTiRE6DGopIBoWkf7BjDTizoVVNWEQVh0YfpccL"
328,"2U4GBNA0YmnG9Iyk6LzRebTbWfVZ-AUVPaMZywPhfmE0natG4o67PjZB7ZzIQkiv"
329,"2U4GBNA0YmnNYpMe7OYeRAiCc8HO76iQHs3LbGAG3No9hXD8M7v6wFkD9fkR5Nz2"
330,"2U4GBNA0Ymk1U7zUAlw04mI4ULr-xyQacMnIUvokeVViUmUv39iX1ZH3gqOU7We-"
331,"2U4GBNA0Ymk1TWOHtaaEno3lMlesob2A6TmT1PGcCXHFUSQv9Wz4K0KJRaFETUZU"
332,"2U4GBNA0YmlOXpRO2H0OSgw7UU5Xf-PyUFUAWZmV0JQuAEYq6vVVFaWO-v1tWlxF"
333,"2U4GBNA0YmlrVpoX3TsePosRTWAoiW4N6cJaz_qJDuSsNYHWIiawBM_-I8HirRLv"
334,"2U4GBNA0YmlqnjpHMpqLghEsjqPNOWcn6n_K0QBJzm--lIfp2KUja8aqG6ZJgPA0"
335,"2U4GBNA0Ymm51rbynFPaGo99hdLHhNCcYQAieOBnfqlQZbTCMi1orR2IuckKMtFg"
336,"2U4GBNA0YmkbiWZVrv1bAigx_S3jefkDAvBs26O8RELqVzQ3cNoASg2iho3iP6f5"
337,"2U4GBNA0YmlBPV_KKmxuVCN0pb79W7TpgpwXTbUwJt-03U8QdX8fk6E-_nCQLg3V"
338,"2U4GBNA0YmlrTluUyYUvSAUamhNwoiQj64B78NGgm0aA4bzbHw5RbsB-ZHx8l8R0"
339,"2U4GBNA0Ymn-2jAEoLK6CoB8EM7ZP1xKjHvc9zGMcS13SgFGrK6RM-vq80YXZNOh"
340,"2U4GBNA0YmlxuO9T03CeTRhDI2Jb0AnhRBJIkFN4E90S84jt6SlEhaqLE3TJ6IpF"
341,"2U4GBNA0YmlkZuYQVLMMAbkY281v3YeLfAzmY3e-ezrAMmW7Qzd_3iw8E_uNh0b3"
342,"2U4GBNA0YmkGnKXJo3puBfnC3lE-FLlSX2CohDmuvGVOMeCAHtmMPZSWXP_lOnaa"
343,"2U4GBNA0Ymm5M6Q0vpymiYCNgKY3gEPcKSJSbNQUoHwV20mWYU495p6RsfTO-UBI"
344,"2U4GBNA0YmmPz1ZbS0gJRe5-_zUisYLkC2H4Hq_xYsGrC-f2TqKB0gweyI2VT0Sf"
345,"2U4GBNA0YmmPsdDgDzOR_tKlvFEPit8xZ5tn4B7qHEIBez3XByrdsM8RUisnTMQb"
346,"2U4GBNA0YmlBwAyWLzzgJU5Sc2HwTJQPFO5Nmpg_Z5gAZF7t99ub-nNSY7PpjQsx"
347,"2U4GBNA0Ymm6FBLPHf0_20TfQWQgnGcqaJAxeFOse5vW11ZE0EOg0WmV6S_rLpfS"
348,"2U4GBNA0YmlO-8dGKgTQ-4Hi10jeMrZuwmxTKBxtlh2Q3mQxBW72mwNhF5T6EhqN"
349,"2U4GBNA0Ymn_NHa0kKRy0B1gGq8-KdKyDBUGiVIkqKaMxJdJXHGx4T8nYmNQToY9"
350,"2U4GBNA0Ymk-IRazOD3XNGuXn3vUIm-xzNCINjZGAl4H3sNuMRHeCGV90CfBSMAR"
351,"2U4GBNA0Ymn5Td4htN-ywQHxYIOwY6-l6OgPdlkKjXqAg-lnjN8OvO3CeJK6oa20"
352,"2U4GBNA0YmnQmq4LdpP_zKtJelehgY1o9qLxRNwzar8wirmEVWR7pkktwbZHRCAL"
353,"2U4GBNA0YmkeZIcv_jn8PPRtm3Dv6qazqBMQQhNEJSd_54S8MNCdGdEGl7Q3ftsH"
354,"2U4GBNA0YmnzeLST6FMDaedTVdDOJvd-0oH1Hmos4z1LTH9C11mpzn2-kI2Cjifc"
355,"2U4GBNA0YmmJxjE_OLe6agop9ZOkuQnaOq9henSg_j12GcEtdXOSPQTfvun4YMVD"
356,"2U4GBNA0YmnmhrpqEzGkg-RZJ3tXZ-qkolvdrmWUcfQojTR-6Opy6b7m0fFaexVf"
357,"2U4GBNA0Ymk2xdlTUbhXC8Yz1MaupERykg6t4bdlnRI0E16OauzOYR5Gn6PbIcal"
358,"2U4GBNA0Ymmf5KgMAM6ZAuKC9PFtB02dCh40PZJO4t25-wEEg8s40xjR_WAqA-ZG"
359,"2U4GBNA0YmmaCkeeA6o2Y_3kjk7YnljK57x24B_FxzDk7n-wshekPQxw6taiLqfN"
360,"2U4GBNA0YmkRO8yJnb2JZKlzmz4TcxGkSWdknO3AgBQZ5m3bQUx_So6fPXWcbBJn"
361,"2U4GBNA0YmnFWMhKbhqUJilm7jRt-GJ2vlglePw3gs-_EPpVXkF7C5rtn1qHKdwJ"
362,"2U4GBNA0Ymnj2S-ZaCg8azq8KFQosFsMyXvPRAxMugfmZ3xOSxDvIsWjKdF7Ug5R"
363,"2U4GBNA0YmklOfXXlx8915V9Zv0FKZumWR8DJV-FHKIZKGM3U3Dk6By-Shiwjtro"
364,"2U4GBNA0Ymnz3wVY4-B0PswbvIMwMUXC3o_3erjoJruPbJnXd9SllefuPTfCcJkU"
365,"2U4GBNA0Ymn3jtZB4Pigme0FxOOYfhLUnuBR-Hvq07SBKciu6JK5yBDLBk9j0SFC"
366,"2U4GBNA0YmkcGV5S72KTVucoFOd-ADhyRTuQp5jZnVyOJt0J6bHrv_t_RUMw7gZk"
367,"2U4GBNA0YmkP6hpAlJobArvSxf8WFe2X0cA1C13AsuiXtdu5_nK4I69TgmLfWzIL"
368,"2U4GBNA0Ymnqs1F86yyIsLoHTyRyJUImz7sWBiU5k5apgOS3qqK8ETAwKP5Wexz0"
369,"2U4GBNA0Ymn1fmJOZNVQ7jafYW5LNjZyRDprLPKL83DsBl-TIZyPpLjKWnCI1EXU"
370,"2U4GBNA0Ymn48iwcyMTS1onUaFIs9DPozVRLTNDBylzHtXSR9vDBL1eLRVx9TIda"
371,"2U4GBNA0YmkCnYfHAssptq2NicPaiTVzCQG57I7Gicnu3rpCBTtSQZlGppd_4R_G"
372,"2U4GBNA0YmlhTsXLwGc_tqhKaGrA_eC4cY-AxpsGuDByyoj4sZ01uNM89evrUFPJ"
373,"2U4GBNA0YmlTcdm-C7KZ6C475wcdV5u1j87WgHwo4vDGxaRZtfPX-WB6t6rmTb28"
374,"2U4GBNA0Ymk3rfw2e-hNulw5MZHnijtgUSeXL3gUNDxC6nzRUw8inAHuKIWiAzEX"
375,"2U4GBNA0YmmvQ07zheytIKfGnhFH2c5vD6fa_fXzOwY6ccbGmEZ2LunJEkGiRuHr"
376,"2U4GBNA0YmlzceFhn_tiI5oqbLnHDkg3O1NKdraUvBLWC25LO_Sv1umQ-eR2Auhz"
377,"2U4GBNA0YmmhPTAYMYkS-7hfM9eesrbbS5nqlbf3cJIoz92bzZm485LxJf3LDhIB"
378,"2U4GBNA0YmknGDXDdcPoGDv79Xg3YbhMNFQkXxp5Js5ernyVD2n86WVPh4WdEVkS"
379,"2U4GBNA0YmkMlPnofa8GhMnPSw9UQNWKAN_RtKIe1Aye627t5cvnimHb-7-DutHH"
380,"2U4GBNA0YmnYbBR8R4PoAJn7Susss2bEsTccf28w_ao812QID1FS6OuOhnhhtHoG"
381,"2U4GBNA0Ymk1NisTS1_bvVk9bvAJoADIv5cfDuMdelDNBYjALB0UHD58Yz5q2GNL"
382,"2U4GBNA0YmmPWmiR0Q7ovCIDtVZ2JEA0l5ryZLvTav-roSMtJHHLeYvFaMkLwiiS"
383,"2U4GBNA0YmlUd1s3OY_f2ROJ_e6nG8jneCp6wFhDNbG0KwQnmNcIcl9QXOKAwRa9"
384,"2U4GBNA0YmkzBeH1vZ8-bXkE024I7yyYog0ouP6xdKld_D2SPIu_iXsFT74mGUg-"
385,"2U4GBNA0YmkmMXrR1gB5zG1GnEqu9638Q4A6BaSNZ1xVpNicbRd-Lc2HQxGJ2ZWH"
386,"2U4GBNA0YmnHMPshOsN8PtCeI60PCfyBTMTZ529o-_6QjHr2MM66wlDNayfDPBZT"
387,"2U4GBNA0Ymk8arIxpB96Zwx45b38PYkWrBPsuTqdCArm5deDukc4cKVGVe6q-Q-5"
388,"2U4GBNA0YmneXjRmV-LdrtU_HulM_MBF5Oe79jLcKWNq1GfxsDx9YkkpYUN50_1h"
389,"2U4GBNA0YmnyZs8p72lLRMzNAMYLeOe3PG_9LH7IpyPGhfZg61GU1EAHdyNErpVl"
390,"2U4GBNA0Ymk8YzJvwgWMh3XlvUEx9NEgfiFUypfE6X6ExjmLjz3goacLmwWBZOqq"
391,"2U4GBNA0YmlryvQUQxdk2XZU3zXm3fbELw7ZqAQ_BlzY_bzObmibhY69A0NibBkn"
392,"2U4GBNA0YmnW-fwjj7LJhE_yABN1ztXZdvmgiE2n1v-T7BPS-o4PYQcZVfsM5j6z"
393,"2U4GBNA0YmmwVcdIJl_W5-DOhqxZllYwgtuutk7vC-UMMXb9A0y0MdQsKHPY6di-"
394,"2U4GBNA0Ymnb3OoDNRXTXFoHVH79NMUraBXgB7rL5PqOp901m30bVoA-eunR1POc"
395,"2U4GBNA0YmnT7XC5v8MtJ7S5WJUz7qLZYGTbz7mGkjPRFqAjoPB5NOBSfCoGxtnV"
396,"2U4GBNA0YmlY5FeP4A_z7H9VvQ26P3zuGEGyc-jrtMj5rPT2SuqUlS4HR4ChSH7O"
397,"2U4GBNA0YmlQxT3Nh6zs_R9OmICxaxXSc35z2doUfaVK-9eOkIOR7tt_iZsg8wEl"
398,"2U4GBNA0Ymm5_Vj1edcROviXmJTLjjrqwWrg4rbZQIIhxqOw-zYOOKqX-VtaqyCu"
399,"2U4GBNA0YmlXias75DEfXndWH0QgTHRgOLwdRyJlXK5VDGH5KK_4K7BQiNd8HUcw"
400,"2U4GBNA0YmngF2N02WK1NkBPcu-qzRMOo-XWk4Wzq8BQDBg8fn2BaUJ1mhic0xEz"
401,"2U4GBNA0YmmGg9eJHHgvTwwmqZSoMHoH8lyVXSRWCFZO8bUu6G2WKv092DAPSEYA"
402,"2U4GBNA0YmkFZxc8MDNmFQHcGbmJTalo37C6I_A2Wm4oXTFt86Y7Vb5p6JvHgs6y"
403,"2U4GBNA0Yml0YujXw9S1FiHLt9lQCSL6Ul0IXjB6xQTmU1hyDTrKNx--QubcTG-B"
404,"2U4GBNA0YmlWNS2Bl51Pbco2ZQi0Ub_QfyM4yK-PsQXeqKfe1Os0lR13BGnA558R"
405,"2U4GBNA0Ymk_EleAxe3tcU3gRMxKjRrAVzkqUMoqGjxc9Qias7G9ZyoH0toOi4Sz"
406,"2U4GBNA0YmlJWD7m8KuMlqH4UdpT1BVDqMSd2nCsGOyNftX9mX8lE5nll2q3cwv5"
407,"2U4GBNA0YmlRpGnaXAvsgLtmCaUkCEB0BBu8VJdBTBrpQBoj_JXkYRZFGaML3S8s"
408,"2U4GBNA0YmmkM6kr4ITUM_onphibnmaTxDtv9LpiVDCx7pyIpMmfLkd4x0HP87VH"
409,"2U4GBNA0YmmdC-trfTxM8qWK0mZBnEK5CZtaKTdDx9M0LS33vEBn4mtBl8IiiODm"
410,"2U4GBNA0YmnpixVKZGarPdZjUwZe8A14RQcbjaZpvw1tJU2I4plY_3lOL45tdRLs"
411,"2U4GBNA0Ymnlu0rG_cslDTnKyjyvssthQs7QHWYOFEa9-Z7anbz4r56QWOkei0q3"
412,"2U4GBNA0YmngWRV9O5WAufntvdzKnxEy5-LjYq2ShbkioyQXy9j1g5lb0XKuXr-W"
413,"2U4GBNA0YmlJApk8Fkz1ZLdI3K_8AwYAz0sukPTE3rpkyMRCIczPfLuDMcCNGnss"
414,"2U4GBNA0Ymk25cpPFtK5V5XM2L8oU2oG9_u-iH9MiReikYhJcfOz2W-w6DJkE2PP"
415,"2U4GBNA0YmnlJIwQRT9q9ym-oU4CbPG5RIdBBMC3MqC3YHWzvvnGy5BtHyDCJs2h"
416,"2U4GBNA0Ymkvifw4jFErf-QJpDw1M1FgjNIFzOwlRN0RfeZRgsmDXqs7iIZYBQWx"
417,"2U4GBNA0Ymn0L2zKxsZJcavhzXJTNDIlt8s9SiPJZbjDIVjJDQ5sk1yvMt2n1L5X"
418,"2U4GBNA0YmlfMZLXG0Pc47eIfJy-tKqyGSfr7F6_F3tUxnE6cHHSTSFEHkU496Up"
419,"2U4GBNA0YmnjAWUiEoXVoaoMB8x2SQ5SYOq7lzNoW0RzbsOpvBWywHbUkx43pq40"
420,"2U4GBNA0YmmiilDZma42VBfq70dxVjko2QLnli5Ff_srjJrhbONAcF-M7HzEd4mr"
421,"2U4GBNA0Ymn43-lUEgvUDRR4SiA_hiUFHqqwUzjnwQsyEuiGeQSfT22IMzDq6MfM"
422,"2U4GBNA0YmlSGSQHeebSUznlcXk1kJKxT58dmFq4FJoBt0L4kBFEYx8uo-wpewHd"
423,"2U4GBNA0YmmDMv-I-E1SCAuYsh8gJEGzI9icL4W3ujvCW_Gf0XYY0K4CyxhBhlnV"
424,"2U4GBNA0Ymm_7E4Y4yJ-U16sVkwMHrEt-Uyq_PAChsQuTYAWRQvHAPt7IlrOyFLM"
425,"2U4GBNA0YmlkktfKdp1fvE2b95EgJfjT3Mp8ZjwEMc5_W_7wQrZeSWGw5gFXI6Vo"
426,"2U4GBNA0YmkIwHxzImZo_62_SOXdUvBYyj5WEVvfdgSgLFVHK21gMRsTFbMPVDtU"
427,"2U4GBNA0YmmW1-Rqb0Eh2fisUjMUqSWIczCtbPEDKlTsFMOd-2qwI8IBlB-anl22"
428,"2U4GBNA0YmnEGGuAQwgqpC4pkh9ewTr2oHZr1wEREFVN-sm02jZi-KF1WV0Ex7WH"
429,"2U4GBNA0Ymk3ejfaHvAOyK0m6J8CaKrdDynrHskQLGzJTty3OX_JOLNoz32ZGGwR"
430,"2U4GBNA0YmkD4fIY3X5Vr0qT64EwOP-B02GkNzMHAv6AXwaYGWBlaQh66f8Xmrfa"
431,"2U4GBNA0YmkjEc6NQXMeL31NhRKIH8CflINO0eVTEZusNzoRXUyQAMdGi-QxKbtV"
432,"2U4GBNA0YmnLUE-RdcPeTtUsrpbqryx6nJ0NQDwkNS_bEoEBnsEjCbKTDdhDJjaQ"
433,"2U4GBNA0YmltrhnivQ4cmwvjhgboU_VjgQ0Y3i0bQ7omqJLA60zejlA-HBEAFPOj"
434,"2U4GBNA0Ymn0vNAqHIyuCci3oqUHtY5ccxtNgayl4BoMjJ6BAg2PSnsAGLiFAlGi"
435,"2U4GBNA0YmmwHUfTK0U1l2HBrO5DfkBNB7l_q2qo5jL7bQfytThUIu5lH_yxxt-w"
436,"2U4GBNA0YmkWnaLvERzXUQOCjh4XemjTqKuQoAb4iF72zM8tlZbZYzlpFxezgJsb"
437,"2U4GBNA0YmnuMSWvD7K-XcIiE3IuzjHyYBgpGvHuMC3E3H3fvFoyNQC8_xa2OT2x"
438,"2U4GBNA0YmlryRbhdBVAeUxZR9XtGkAbrwjcWC45XQCKAwNw0CrTYXjZtOy67rPh"
439,"2U4GBNA0YmmKbcEgzuNLpwjkDqTPqLVhzwC2j6Xxpjst1RGtoqX-9nUpWREF9b8S"
440,"2U4GBNA0Ymn86OWbzPZo_Sk1gOYnt0tPjTFbzsyliVWHzjj-GUwle1o5i6pmWIUJ"
441,"2U4GBNA0YmlRPQb-3Bh4VxGivNyNhaDrBX28jsmw3YV8JLRJZMMGKq0VIOBHv88B"
442,"2U4GBNA0YmlnIExQDde90sFAlRoKh9ZCTieyYS90ArcKTzcHKMGUtPI4sq34fpkJ"
443,"2U4GBNA0YmksXKh7bWMHTWCYnRwODG6ACpBQCPCPhk-HjyyfxgjzQAi8oSUmxMG9"
444,"2U4GBNA0YmmJY0MmZinW_290wbQKbpsN6aal9Ie6yBdaLc1JZxD8kgJXAxWMTWkz"
445,"2U4GBNA0Ymk80TeYzkAFhgm65yDP4E3RcPCf8c0L0bsXpWejVfxS2HSINOdLYpTX"
446,"2U4GBNA0YmkAvv-i7QSErD_XCaiXP_MbFxWAo-v2Vjo_IyOFpiTixBsJt6exLSyr"
447,"2U4GBNA0YmlF9BEdxw-of0JEJnNiq3tDqfTcCZrTVxxriXvJgPifc3ZpYQNdX-Ks"
448,"2U4GBNA0Ymm8ngktYRg0PWQnW2H1T4TTdKluLP_3b-MBcLtnEFdIADjj0A2wWe6o"
449,"2U4GBNA0YmkEEZjSBnnnPl6zKU5oK4jvddGIIX6uVdoNgI18Pz7zwqvGOin7jX_W"
450,"2U4GBNA0YmkXwJVpHN0zmvczXPa6ELqVPF-PHQycbPBiDl0yvXIHr5BBjk3FGNVo"
451,"2U4GBNA0YmmAkk3_RDdOOJ8AKC2I6BrVMdNuXEqWRGrMQwjdW9WlAxVSDxHowiyk"
452,"2U4GBNA0Ymn2rqPZ781GFyBt5D7biswGUHc72ZY_orJ2jSBYUsY_IHK6fs58PGyW"
453,"2U4GBNA0YmmFMW9w0S2BOnNJFIwIR-0DcyLjDFP_NJc_uN492qlNf8kDJbLNWo8U"
454,"2U4GBNA0Ymmivvnn1BzKDwd35yqDhvJGlNpHZ250kPGb_PrVQlIuSC3qwD-HaT3v"
455,"2U4GBNA0YmkuTB7eMYltCHIMcDxJvPdr21mDFuEEr9S1nMeqwJoBVZ5tRt2KqU0w"
456,"2U4GBNA0YmmYMCLHY7PngWg85Ka0t_JfN2GWvs0rOTwcedD_Of-ODLM9hwoL2OoG"
457,"2U4GBNA0YmlMsLGrlbSL5Otgg3WCPl2O-bXRU4uh-GcEjtkWfocZitgzFnYPek9W"
458,"2U4GBNA0YmllzvKpz7v5sZHPy87FrkEL_Z6zCIZhtV_cnJO0fhxjxGQRWl1MDC8z"
459,"2U4GBNA0Ymk4n-PSxRCZ-yYmVqTFpZNQKfgSiyL_Nk_cg-ZXxLQ1sFWX_rw_qM0Q"
460,"2U4GBNA0YmlU-JmEQI6XwuqYp23W9FGL2t8wQJU6fhJqkdH8JTgAAVlcRLkCF5tX"
461,"2U4GBNA0YmnHjmaLcNqX_-ydgZzBaBOuvfXTky2bJKThlSMSR6zzjIsOKcYXMWOV"
462,"2U4GBNA0YmmiP3sOK81MKKLMPvjVrL3qcbmnd7hAYV5QN3NX0ZfTGKBSjXfFhmKq"
463,"2U4GBNA0YmkQyKOkIKxtyAc-tTZrJF8CT9VTbLYm-UdTd-Pgd0eg7gyV6CsNOxtJ"
464,"2U4GBNA0YmkzXSSZZ8FrAv-cBY6c2kGhFJTIob6a-PmDWwtxL0tiQURj21_NU1n7"
465,"2U4GBNA0YmmoXGkAHkxUNzl5hZKSwlxJlWb7secapkupnOUMB7uD7KNBHV8vzXvK"
466,"2U4GBNA0YmkrouOcOdJni0z-VZl94vsSf_jnBIBMpLfNhK23tOffgZyWp-u4ZR34"
467,"2U4GBNA0Ymnw_AtVLYtmSGdpKn6lZtzTcAbE8nHS9bNwm3Lk8NBFzL6IhZSPxCCu"
468,"2U4GBNA0YmlN5JTIZV99Gp-_1RDmuUbP1KPJy8oGv_yWI7Nl2Km9-Q8X7Mx2dDxA"
469,"2U4GBNA0YmnNGGjf6gbPc_ljYPgtpxMRgpN-N1qwwcUngMJ3nSIF3IQSUFcDLMyX"
470,"2U4GBNA0YmkHsv25zG1EnukAdJ8vhxOpyK8NXA4HcKz0oKm4iWGY9Sf8lius4lPX"
471,"2U4GBNA0YmlzL4TFVPU5VQXY-Ei2A7BI_Ej4yXgowgBkGq0Tpr9fhx-x_pdHHXbj"
472,"2U4GBNA0YmnCE0wB1U9hnrkz1JMj2Y9mN62AY_WKgFymqrdSX0EEwsqgWjxlukQ7"
473,"2U4GBNA0Ymn9k9KQEpnzodVktR1PchWvqDfEAv8JQ7yUXFwo6aaQBLkl3y1122BV"
474,"2U4GBNA0YmlmRWBzKr_LAZk7wOeRAsG5fUwQ3k99nBAFQUDDG7YggqPWoflIrtaq"
475,"2U4GBNA0YmmE2FAYMxMaXLciOTJek_6rO8haSCrHbE90sgQ2hy9gEGBEDCRItNv3"
476,"2U4GBNA0YmlQUPDv0npZUkIJN6mQSZ1W4iwu5ydVJ7e94kHUc86VmZ2KueQXKksD"
477,"2U4GBNA0Ymme_tCNFtdW7Lpj_S3d7jzpceK9us80nmRk-FEPqcaiRiRoSBpLCFja"
478,"2U4GBNA0YmlpwmRs8J8gE-am0zkSI1HNTWLwgf1ZBqg9qFRrE9VK0WaHYG7sb58Z"
479,"2U4GBNA0YmkSbZ8ZOZ5FuNQf5IyfWTTbY5DXBNkvPUBi2hWQSK_-1Ym9xZ-imR2r"
480,"2U4GBNA0Ymnqst3yl-QLPXEtaoJ3MfYeEvn2tHjFPIFROL_GQQSaIkMfbIanVEOo"
481,"2U4GBNA0YmnUtaMu8iHtSietotqqnu2V94eY2wx-sJry3jjzrvAUcY7fUphSyFEk"
482,"2U4GBNA0YmlI6PVXaykApD2XQqVjNk5Bpe_JmW3m6EPHQSNHT0nvOKQS7jeS9RbK"
483,"2U4GBNA0YmmC2MaafPLPK-nq4879pg9QUOrT6bEKdQBwzK2bZX7lIgXVw0EUhT_e"
484,"2U4GBNA0YmluOvnZQiB239lfy7SW06d7jlMibtZ_qmi-FoTyRryMXS2rQZbA41Pv"
485,"2U4GBNA0YmnhTIgbfFR4zDzhv-vl_n-i-7KE3dDqiHV_ylGU6BvhAGq4zfCl9k4N"
486,"2U4GBNA0YmmlWdjlhqjsbPO0cpFbQ1V1WjieV66tiBhOrl70sKOgQQ_BHcjkGhyj"
487,"2U4GBNA0YmkoDx717u1bKGYveD-YVSjs-ncsAkaqQpoMyWiblGLmqZdGRVuhzZzD"
488,"2U4GBNA0YmmhLJOqneIVf1lpDM-DCKI6JXSDywwo4RKFIopCqDFM3emHtW4ecjwp"
489,"2U4GBNA0YmkqOJn9821KKdvieRF7KsSPJo63z3JQ6l5yJf55RQGzs_i5mwSQWBZX"
490,"2U4GBNA0YmkkHkpNOQAe3b2rpwQZ9CfeIwFasCJeSg5u1ZHzzcph0aBj0P-8PrHw"
491,"2U4GBNA0YmkSQ2E9FSBuZMofbOspiNnVcxuiK9tSEz9Nmc3S_q0nDVZ0NP9E6il6"
492,"2U4GBNA0YmlUBsQHsSWKoUoflsnWM2vPgLcN4EmWXQ--o9ohYnwa19YYqAodHbth"
493,"2U4GBNA0Ymmo484YfhwkG0OPXFA5-VIr3GbhFkbncZqiyb7GxTLM7BmAdMgsPGJb"
494,"2U4GBNA0Ymkj8ng1jjugN9GkwVDUbXjdPuDgOnA6BG744tjS7C_yT0QmbZeYEJPr"
495,"2U4GBNA0YmmNMdoJn6-oyfpkDBH6gO0Jf7wSKl1QM0Zj-hfA6DTtWgxExJpKBhyO"
496,"2U4GBNA0YmkKKrPOEedDmGuM5pC5892TOMShKznJbWEfJQC4tWvQaSuuXetk6Njl"
497,"2U4GBNA0YmklOhuBOmO8BKHfwB-wJpxqSlQxW-NJHzpdEK9OlBHW1Juz03CSZ3pd"
498,"2U4GBNA0YmkV-MMXU-szXRhMenoumtLGnVfejzQNmMZTx48vMst0sKYVIFd3wO16"
499,"2U4GBNA0YmmcLnB-T-3TO5BW91a9F-CffmyaU5F-fFYLApA1uhH8yE_PgfxiX62Z"
500,"2U4GBNA0Ymk8EbyCRTBo_pthpvKl13DUrbH8_5tYkj7vv6CIDVfRpPA04EppWw8p"
501,"2U4GBNA0YmmrL7ZmsfMNwTexOmPANlJ5A_7KZUljVc5AzuOXNO5GJZAyPBM_5fp7"
502,"2U4GBNA0Ymlb8pfnFRF0eME4aJNVW30blt5xOjgqbAo5noxgQ_InMLXAfZTK2pP2"
503,"2U4GBNA0YmnS5wcRoYv1JTxzKpaZjf7pNb26cPF-P-Y9VAuxOuhT6828gA2XhugK"
504,"2U4GBNA0YmmZeQ20jbWyLgfLPuVIHiGg061UKa7L-q4qqTXdh3dYZVYwmlwMw5VM"
505,"2U4GBNA0Ymmt6Ru664UzTQ5yhuRZtexXe0DmL-rXG2aRSEw0R6nwHEr31RUnB0XU"
506,"2U4GBNA0YmlFIkj8fqjOiiAoP8KRg8vPvMbvcKtYxh7c6ffZa7UBDVivJ4cB2NB-"
507,"2U4GBNA0YmkM5zdbMePUa90a6lu4kFpgY7GU0ck_c4kGnrNikTKwLQkNIi-EgMjT"
508,"2U4GBNA0YmmOPCYNiAlz6cv4WcYpzO2CJapsnhejSP-2ZA1cgFH8-S67gjdncmq2"
509,"2U4GBNA0Ymn1q01rPa4y3oS1G6Tai5jshaiGtG-baUe1O7BQnkoj_ftt2SL1JQNd"
510,"2U4GBNA0YmnbWACApoodx5U4baJ6sgCW_2qUKeyEUOUkBCqxJhM0J0RF2EgnJdAj"
511,"2U4GBNA0Ymm_gSEZv-ZvIJAyx4FYyToBnHOsPjkMEMmsxzseVQDPY6Pf8Fz4_LsP"
512,"2U4GBNA0YmlhNF2azlbVMBlTppsIBtXf9dEUKnGSsJgYug1wxoL-qVFh0tjs0bZD"
513,"2U4GBNA0YmlIS1hetXE_pRf4Yq2HJhERoprYEKU840DtmpsZUyjoboycYCvb8Kan"
514,"2U4GBNA0YmmWZILhdikNht__7b8FOKlMvZb55420c7MG06D2SjgzEuhKdI22-b3Z"
515,"2U4GBNA0Ymn5I6C0bWhmWT6ZF0H_3cbAfOIGwoKkdiegs7qTEZQLXeZEzab0TOVH"
516,"2U4GBNA0Ymk0r6LSSmgLgS8yTgWVVpvUVTq7Tg0LrnzLKzLzm-3gaEL0_1-lxaoN"
517,"2U4GBNA0YmlDgDfCp29io4KEuJqYxMac3BF0vElZnUAqeMh5BzTbzZUvFPkLSLll"
518,"2U4GBNA0YmmNtk8VnytUr_Kr4AKoyLp_hJuSJtmq8Sbu04ngoZFkcBu7xQSWpJTd"
519,"2U4GBNA0Ymnz-_K1iaV34YEw0Ijz5xaUeLd_9IwUxMlW90Twyfeb1fu9-i-3T_m-"
520,"2U4GBNA0YmkHd4AjLqhIdhJvuBe0Zj0b3lR5cOucb0jqe4o9ff2BsXbzo5IJYqTR"
521,"2U4GBNA0Ymnf-m-Az01wO-BIlH-jzgzLCty3l0f4FrCuQEMAySc3qsmxYqoiUI08"
522,"2U4GBNA0YmkXm6Zw-UEsdlpaTS1t2psTjrvqa__-4U-iWzNaEDCJQkfJzNmzPznb"
523,"2U4GBNA0YmkpT6KSnsz4cXuuhP8juKMdV7GaS_QEWVuR9PaiYUHitkM5jrwjyKyw"
524,"2U4GBNA0YmliiZXPg8jcFwo-XfUZsszONm_-Oi_n-IxM5kEJTr8LN5lIrGNhupOq"
525,"2U4GBNA0YmnOAIOP9-T1a4mgClCsW5KSmkMnNp0vh68GNNaWuXKEStodydaHGWzj"
526,"2U4GBNA0YmmoGHZghDQNNx66bZS3QHEIQWpC4ps3Yd6x_vV2j1vlPXzJBAeJoW5V"
527,"2U4GBNA0YmnQICq31kMWdq93dSfnaj5iVP-MUbEV8cJd0EjNPijOePLRWkowmWJp"
528,"2U4GBNA0YmlvUkGF9ELx1-I5BadS9Wa3hDwkqUlaVRyoYzyQZGISdwpIc8eyVb5t"
529,"2U4GBNA0Ymk-wB27wdOxNfyDFu4FYeNK_sOR0BID-hHiNFPL1BdOom3EXDG2Cyz3"
530,"2U4GBNA0Ymk43PhIbyz2JhHEPNR5Lwr-TE5LwEX31EOAo-xGONRQLsS0iPFdTB5u"
531,"2U4GBNA0Ymm-jGGxO-qbPDDdpGMJ3_L7xWHbqb0HfgSb9cAb5Zsa10BUyg6Ic2qW"
532,"2U4GBNA0Ymnpy-vTrj5QyFxRgIIzceqeK6G-7T7vIKX11fFXX2J6dpWoQniXIEYY"
533,"2U4GBNA0Ymm20NrliHu5g5va2ha0OkiAZBsyjjMyNELqKULvaK25oiioa159e8Cx"
534,"2U4GBNA0YmmIQLDpPCQDCZEkn0nkxixHIGEv8XL1g298YQQfFEEQ_9-gKVdie0LZ"
535,"2U4GBNA0Ymmlsu7AHn11NurspIcMmX6CkCtKBRXXpKtgwWoHcPkOx5ORC24kn1_k"
536,"2U4GBNA0YmmAOzv1K2UMLgKxqh14Ga_NvwMgJmYseGt6WkRs-h2QaQaL8RcZd92O"
537,"2U4GBNA0YmkpHG4tmMPJiqM5lB9JvtsjGr0nt1UiD4Vp7UmP9rYb3YdwOPc8F3js"
538,"2U4GBNA0Ymk1Txr8byUOoWXxsIf8UzFbjI8r1UxoZP_Fl3CnF5PSs4H5GMj2IEAh"
539,"2U4GBNA0YmnlnBadWY7JZzU52COrB6rvOo0w9ct21V45Ao-Jz_o12uoMzcVoTcVw"
540,"2U4GBNA0YmkRf1C1_EshWjsl7z7urr5LhiIklFeYJzfpiCukam8VQ9YYz_CgxQn4"
541,"2U4GBNA0YmkkBCeMZuyCN0BUepXf7xkbizszMrlMfzt3Zi3ve8jF4bmtNTMN7t6F"
542,"2U4GBNA0Ymli8PhSdRFzBIFgKY_dDQWjNhj_jsCdDBD2iWP-J-EsoFLN3hSz_hA0"
543,"2U4GBNA0YmmxYF7fIaX-982hzxNuDAW2hosMDmCYlCR2otg62vodxFLYuIgHOnsA"
544,"2U4GBNA0YmlQhKKkO-WqjWXQumgPcmQKwm_MTEO_J5bnKDL89PicROnBn7iUfqPl"
545,"2U4GBNA0YmmBkD-ayulduGKwcIorM0t0PqzqJ7diBXA-TNBrM6sKx9RJ_YKMEdmG"
546,"2U4GBNA0YmnHSDd9Q4PJ8rYO2lndEKYJcYmcOe1rk_oSLh_kAYw_CKadoJ7SJ_rX"
547,"2U4GBNA0YmnKEI_WGoCdTOH1wlY5AJI53QV5o8GpggIQNnpRq7wrVcM9gpxiL-_d"
548,"2U4GBNA0YmmUOg1ojTgz486BZzgYrm1lWcdqhAWAHDJh83pVu_XWbGaqj4d-DEIj"
549,"2U4GBNA0YmnHd-yFCNMm2i-NYzPYu-GGDD9_sboyijuBq_zDNv1IXrAWelI86zZ9"
550,"2U4GBNA0Yml_x_gKhEzYd3-I4xvFkFlcpRgUF2bztxpqjQdMLUPBiKPWJ6ocSXz5"
551,"2U4GBNA0YmkmxYVp9ZdmyGHTvl1cgO1V7lT7GpOlKHvtsUt2WYqiSC4bfxQFxqEC"
552,"2U4GBNA0YmlYjQOhIqxpXIF0HpRczTURmxst3z7LotLeCQBFSj-RJTxI6VJFUAeX"
553,"2U4GBNA0YmluYsYTKPPqzTfOF6Zw5_K_iFMQWG0nLslFpI_6fqCE1Bf8XU061S_E"
554,"2U4GBNA0Ymkc6R_h8myPNI6r6zYpvjb9_aIB2jkge5trCE4isNwWlUZi30pEMLBS"
555,"2U4GBNA0YmmOF62SPIlWkzBS8-LuTGmTGAwrg2fXh2h6qX-xne4lkqL9yANNAPEs"
556,"2U4GBNA0Ymm4otQnGNFaA_mAn_MSZ88UeaCGDsw8mrXMLFgWV4LlgyTP5qU1YXUc"
557,"2U4GBNA0YmnzIpNFA4aYgIDiCzshho3vd7a75VLoVyrvQg7G7jxn2zPeRSgUpOnU"
558,"2U4GBNA0YmnwytFSYke4qJwe2aSLYabqmWhKKRlTrUZR4ChH2vQBvBtJdJRyisTD"
559,"2U4GBNA0YmlXE9hcbUtaSoR3bF4ZCUZIAIR2ugtxkRj5O0fXwMbgLzzvRxzX0kF-"
560,"2U4GBNA0YmmHKBtSYdfIcp2mHUxXUE2wCnrA7DHrVU_33aSR_2MbG8ROtDeaHkJc"
561,"2U4GBNA0Ymmjmk2TkoMOYB_Ac4Y5pspjkq8JwM_ggdoFEbTqmq7kibKIsJfNlcbh"
562,"2U4GBNA0Ymlr_AxhotSwmiFFlnGBod_85O54wnr2SaJw7bmzT4vtpHn4DV8c2AyO"
563,"2U4GBNA0YmnrUpM_Tte30ns6QUp87KWBTDgez0AsJXv97sOMDMKOmvcKnWm_qVZ5"
564,"2U4GBNA0YmkF-rODSTrc_oHv4bd8KtlUoa9e8SGZ2-a8I2bXz8mHWQRmfBE9nV_q"
565,"2U4GBNA0Ymmx5W3cbBtENtJWj-xCHIyNB7L7gI8isp-F7KrQwgQXn2EIGaPo93XJ"
566,"2U4GBNA0Ymlj2khrllrNXxmu1C49cssGYouVjxTZjbdWYZwQ95HdMvfFDMqggPn9"
567,"2U4GBNA0YmkI3Z3MZz6vJRsJ-RkmkhquCSt4DxU5Ekp4FHAt635FU4-WvDh7b5Rl"
568,"2U4GBNA0Yml2wjzTPBZKC0cayeQ0X62W_vwEKEJLGyfqo54Et6RhkVsBfC478bZB"
569,"2U4GBNA0YmmKN3SyfIJ7aQWKHJDdc4XpC7svLFB-D1EkkhBfkPEvPbbQwwDvFMdt"
570,"2U4GBNA0YmlJ_S1CaqfIq5z-1EgUajGmRkdV2w6V3mRHNgObmD5rYtXe8Il7Rx-n"
571,"2U4GBNA0Ymlprm8_WrLp177PJC_tsotAu0cF9vUDJM0rnYGr-nkxMwJmvbfOX4Ph"
572,"2U4GBNA0Ymkm6q_0Ylp3-FZV6PfepSYZUTOxEi0HingvS4StEU2J6mn2CAd1HNZj"
573,"2U4GBNA0YmlaQAiKLqa7DBYo3tZOwD7mql5YuhiXeUKI7hbvz5ns6EuH7j3-D3Z9"
574,"2U4GBNA0YmlZHIOsndA-tbnolV4rC0jT3vI_QmzKA98JgVlVykVrGmSV50SZg5m7"
575,"2U4GBNA0Ymn1AOSx8tXwlGgKFN7alxUK8Xg_NBbq6xc1p1un94b6OxJ59RDQHhQI"
576,"2U4GBNA0YmmW1J_yXoCpT2T5siVzvJ-zZSO18Xs4R-ZYoP-NARbhaHpNpVILCXHW"
577,"2U4GBNA0YmkvdLmZzM9MAGHSW7p5qDd4E18cc31AfK29HiC_MM0iiI3uU1ZBrhDK"
578,"2U4GBNA0YmkN3bM5K0Po9ZqNCcR107aowy6ty5cURziBrgmWoFePAcShqnJHd5sm"
579,"2U4GBNA0YmnlsiyDpx4dE4IxL7de5NQkn1Z8hGr9V0qHX8pfAOozmN6Y76G6-bys"
580,"2U4GBNA0YmmlqZMjua3CKGY0yApSstfDsSRqzN_dzypTo387wMntLHymTIVQLglu"
581,"2U4GBNA0YmlpN-DqdgvmCYhsqdC6waW08vk-doXK5dI6YOncOr0YvMm5MLNYieVb"
582,"2U4GBNA0YmnSQpbrWxL6qQjqOXYpFNnaeMph0B3XNhTsfuauziJidqteqCzT6AXF"
583,"2U4GBNA0Ymmit78dU-9cki9OI9lj3DxdtICOKgVspFYU7pPjw_x-nf8V55yveO84"
584,"2U4GBNA0YmkIHmPaeaeB6zH3LcD9C7ZFe5s5U3HMIde67aNLIndNsCzH_bLkK16B"
585,"2U4GBNA0YmmtIkT_ZqdfvG5W9QfZpb7QQ2YPpgpcQnYZ8omisxYPvP9gN2JtHTbY"
586,"2U4GBNA0YmkZa8FUURLvPhojEJs-xN8ZfxcjvWNie0CDhqi6HbnVi3_Cda_nn1-Q"
587,"2U4GBNA0YmnGKqL4GKXTx1uqm8ooOPPKHLWsmlZoRT7JDv8QtWTV2dABYk-kB1fi"
588,"2U4GBNA0Ymlfx2AbHi_sIlexvyfsIjSBWsAZXznG09pfOOIiD4lWLSHY-BfRsbyG"
589,"2U4GBNA0YmkY03lzjb8h2vOF7b8IlCacxHhqcEemC_A37RS7oSxN2Kxji6nI1nQl"
590,"2U4GBNA0Ymmx7IF_CbV67pg-pp_1D67LSdWS9-RE88wWATqxBI5SF1cFjmFVCn_5"
591,"2U4GBNA0YmnpOadXh0D670VesM8SctH6SKzT7FZ9r1sYaZvqbLOf4XrnP_U9ROQY"
592,"2U4GBNA0Yml2TsrCwu2cjQYX2QlPmynuvTsaC1we_TI9Cq-hkLcVs2F__nQlA_eE"
593,"2U4GBNA0YmmFemqxBRql6etv4qsLdExFR1PPNDLoPn0QD6I2Bd2cgNPJ1Wxxo4z7"
594,"2U4GBNA0YmmIQpkmRgzJuptiX8EWs7gaX0So-k_ZIB1Ag7rw9zpPOcBLs9mNTq_R"
595,"2U4GBNA0YmkVRF3bqIUEDjlLQNE36ms0NdozjYwIZwszsDBzdXj66Ftvwq68p7Ip"
596,"2U4GBNA0YmlgPfmePkwaBQGZpNNM1xWmxM6koRieepBzHS38qTSrRELNvIOJkNF_"
597,"2U4GBNA0Ymnona2d-dzW98l71OcR3zYcogqkQbqPPex8xMvMD9aB4izmj3ss0tug"
598,"2U4GBNA0YmlDmpW9mbUPHnC_WsVdrB78aTMBxkr3iGpj1UpvNrTGY8yI_F9M2x9H"
599,"2U4GBNA0Ymms-m3HaN2M6qHBQs18iI2J9M_-Yfn9r7XYfq2ptNNUkyfkpSPqnrVM"
600,"2U4GBNA0YmlJn4leogbJ_7ZNLExveYHdvaF21-NEZNEch8IqWGAuUpEZfsce7gnm"
601,"2U4GBNA0YmnVAb9C8XTN4Izi8kylJKsdojgHn37_IIXd8Vacnrrs-ZHC-LUeCgvj"
602,"2U4GBNA0YmkWzZLnIqb-D49v2r0v2E3F88BzyQ2Kh-HLoUPFynjupcFY8vgy-Kio"
603,"2U4GBNA0YmmMUaHt-xtPfc5DHc1PtXkXgJsbBqR8v10kmnYvm2uACTQoaMoDdVVn"
604,"2U4GBNA0YmmXbBiMiua0ubJ2osK0A41rkb3HeLgtl38F6gMvk0x3YDxAd2gNm2Op"
605,"2U4GBNA0YmkFG_Ve9be48MZt0fDPHaYKYk2OPYYwUUveYopV6oauYOF4ydg8AVIw"
606,"2U4GBNA0YmkTPbIuCO1nA6vVk-K61aGmoc93bm-0tdrOV4DfaT13_VSIOGKMX5De"
607,"2U4GBNA0Ymloo2i1l5K9k28r3nrIOAcAXcb2emaQuP5PPAa7zyA21eYKIFnvYb3l"
608,"2U4GBNA0YmknZXdv6_ofOWhYWXl7eRTJdXF0pCKAUrGKODx5tk5RMga14szfN_An"
609,"2U4GBNA0YmmyGSIcJ3oySUNtAnbC6nAmsv3fAnlfxy95X9hZbygAalariTfgiDoK"
610,"2U4GBNA0Ymm8Gi1sbQ83kWnsuK4lyo62VkIVW2OG8d4Y82Rzjx7jGR7_G2bOIqWn"
611,"2U4GBNA0YmkFBSKLVzIk93TTi7seHzbdJQGBxzCzdbhrE7kK--PdjzcrSbpfODAv"
612,"2U4GBNA0YmlmAUyNzQi1YRLoxThRaXpeKXyKgUb_qgtUA5v-rc8LEqiHsv-xfwmr"
613,"2U4GBNA0YmkaJhI6phQuBPyTwVN7UjGUh7DHenvEP6rxs5XxcsP4dSj7Dlw8N2RX"
614,"2U4GBNA0YmnG6K_Cc9ws-3wJ6ehplnam2SujEgEmt0tetHY5aJHZltUWFwuGcRlL"
615,"2U4GBNA0Ymk8iFFyFrDesXZcT7Wj-jbmAH1OsXlXoo4wq4ApXw6wkg8TB96bHtEp"
616,"2U4GBNA0YmmWXYtwH-RjBoalv9WmzwMiGmWEZXk3c7eFIflvGOFRxRMlsAN1GCOH"
617,"2U4GBNA0YmlrIX8nxTUHQGwlwz3LtLurtljs4DkhuV6ctmTLTgRIOAXjB_HAqHyd"
618,"2U4GBNA0YmmSbMXLfXIlsL7qHZE98tacFCQP8AsKyRPFuRGc9iKvqBo6v5eK3qa3"
619,"2U4GBNA0YmmoxlDZVeZpu1PHiwqaqjhNkubAFShMxw4Dq4SNjacuIve7jChqNpaf"
620,"2U4GBNA0YmkmcZvG10FPBpo1v-1zPmVO0gQ3ZvH_Y8N3YLf9BOk1pZNiDdlyp4cM"
621,"2U4GBNA0YmkUmjzxGO2VOr2mlZsuDG9PidB49g7pPd285RRI8kfDfsLibHY4zZD7"
622,"2U4GBNA0Ymk5QEuTmpDMvzC3bRehUE9DJ9USaKNtWoaHyiIinU_ecK9yJyzVP66T"
623,"2U4GBNA0Ymm6hC8PRWi4GL-VE9iUM8rGzWaqo7kzi0j9g3CyDz-3ZS6KcGjlJmGL"
624,"2U4GBNA0YmlTsQQvnIuqs4hA7J4B4m6UHgJbaikUwWPWAEhkZgNCbe51dmTR33GU"
625,"2U4GBNA0Ymm9pnoiZgb610UEWTOnhKb4NdP6Lr01TIff6EBvnrXFZpYP2Dc3oR91"
626,"2U4GBNA0YmkdcZYKRLR7VYMQ474d0_CQLIOqRSqMiuSaQFX7SS_be6B6FfQkUWOZ"
627,"2U4GBNA0YmkOnMzKrbN6_jSvBvgRQjxt7yOfbX2wR1bl-Eu6tJzUhiqWLcK0_JAo"
628,"2U4GBNA0YmlyLsA1wtLnnszdWw7kjeokFeHpizTRCjL8yikLPOZB4sv92r8Tot43"
629,"2U4GBNA0YmleA6mtD_ENssrnnkozrsreFAsZwsq6_nL_c6StI0gjfag5iRVMhMCz"
630,"2U4GBNA0Ymlcb9yaVTbDlWRFqlh4ksNUxYsjv2rSTsfsSPmCn-kinPUGPqjHvHpE"
631,"2U4GBNA0Ymm5egQWTGUgVMQakzWZCAKcJE3pFaoXrG84xy9LZjWWetLKC_qjBHm8"
632,"2U4GBNA0YmltNV5H7wgUnvg6rkbTWJt8gR43CbSwaYv3WnF05-XgQmdi0ItnAquc"
633,"2U4GBNA0YmkAyJDBAIheTtTxbjlPMKGyggUPBH0gZYBvz5EVU3sSpXSpyCpJtgO-"
634,"2U4GBNA0Yml_J87oxxXnhlegMfgRzkr16u-wdBhSD38p3X7QnAb_MD_sBjB9wbE_"
635,"2U4GBNA0Ymm3NRs9rafKO-4MGqr_w-c3PWHoZQjAOchvQSO8D0uwYNFbYJ0o0RNg"
636,"2U4GBNA0YmlCz0sFjz8jtyVzp7F37Lc6Nui-BYoudiE69ano51gPDoek56PvXBW8"
637,"2U4GBNA0YmlHko2b6vT5vFRP7LJULvcOVPON9LzSjZRbD_V-2ER12sCWRLdHCjnb"
638,"2U4GBNA0Ymm-Fwc5q7SoaMZ2e6diTDHwr1Xp4BgqdqsCe4hQ3r1W2Xs48YsLPt8K"
639,"2U4GBNA0YmmvfvTw-OoiI3z348oy98xuNiK1BqBFPdMmVr-_mbL69c8GcF8VKJp1"
640,"2U4GBNA0Yml20G0luXBSB6nQwiUI2k2tkogUt3TDiKQPlLBEcdAF0rcjqYyd_ZcE"
641,"2U4GBNA0Ymn15az1IoHssuKLMRTbs2uOLTcZv5KeYvmra_kxmVT3nhi99mGpJ-58"
642,"2U4GBNA0YmmAMiA5yBLtngcYlD1JxiyQcDcKdPaVODseUlosy86hkWC5cvqhXYwJ"
643,"2U4GBNA0YmkD67HHB32b7cl6q1xHrIfOAqpfxmaidGhSdtbQfUu6RsXEXvq2mCQD"
644,"2U4GBNA0Ymn4ul4hgWFQB6XpYqyvrNWfRVRXf97VTbukpXvYCjCyr03TU1xwc0Lj"
645,"2U4GBNA0Ymn0E9fBG0poKuNsBoAraIn5xE2G5vsznM2a-X3TXsWemKJ6wq9o2W-q"
646,"2U4GBNA0YmnPeudYY90p1X3GDS7223mUhEZCbcc2HRL7XFhojzqXlFAUI8mzRUdu"
647,"2U4GBNA0YmnoCiFXBTt3ZF_xBP4UBT9ntsQlgphjg9dgyMwQ7u6SctyzHHEV8Ja5"
648,"2U4GBNA0YmlhZBjlnd1wcT1_V7KibYEgvBfxNivVt61i8glw9UvobmvbIEdR2veD"
649,"2U4GBNA0Ymn2qeVqjR7NpaGorR7fT775DBvrivt6YhXKrC_NVkqrtroJ0lkD8gQ3"
650,"2U4GBNA0YmlPATRxh4zXyqG5G_mKXQkxBAFqPVbKWJEL6AbUaEUi27YeQbJI0_Tz"
651,"2U4GBNA0YmnGu3t1cUdlPFfXNkpKX97wi6PoVmHnwjk0tRHR-7YxUl1oRYSNl6W9"
652,"2U4GBNA0Ymmc7x8BFZV12a1nkqIwP-iBFnh-0UXiLp78J-WjgDANL-eRsS-iDiRv"
653,"2U4GBNA0YmlkXKf8iKviVF0zE57Y9ithYPA3ox5PvVjSb3RQnuAFddVg6gD3EtkG"
654,"2U4GBNA0YmkLi0cxVNQYjzY9qddfo-3uUiqzjxkctZvhhKHeywayHSsoniaiR9Ma"
655,"2U4GBNA0Ymn2dc3DJ--_0UzbwGYgEPjWcU4jC8CTSvQ0_FhC4GRofu21xG-D814S"
656,"2U4GBNA0YmlO7eHCSsfDbkIdiFrNyK0tFkrWGj8tkJIeqVe0bpQByxZd__uQmNbt"
657,"2U4GBNA0YmkIzxT3Nu_S-zkcouPKVJ65yGsIlWnycD_XNnDiBhSPdrJyEJBqRTFo"
658,"2U4GBNA0YmmMC1W9rW8X_qVom-Tk0Np9hJeoG_dXVhzjbWmvqJIXAbUnguN91BtK"
659,"2U4GBNA0Ymmf3fq3-fErXJDH7uZIu9mbng-XH1gwiTPfWfSe7Lod6UqQWf4hH5Rb"
660,"2U4GBNA0YmmHSszWxX5QQlJ71_qwbwO6DE4kBkh8k4KGUbVNwzWopLn_QTBSnMp6"
661,"2U4GBNA0YmkIiuxzJew1l57Ko4WgLnZHbcSYqPtvDgufEguKnqFRIKfvrhIXfir6"
662,"2U4GBNA0Ymnr-RMpAkMAJC24XboPaQeRJhIZ2jXik6PhV8yL5M9v5D6HVj8VyjMo"
663,"2U4GBNA0YmlZz6XR4L8Fg0zASjiZy9yNfW8_HbBeAILc1KjNmmJBtJOOhQVaq2QE"
664,"2U4GBNA0YmnhH-8ZI-nETOGFIjnzWr2_ddj1Ml2JqdLY0umKSXHr2TWwj8jIOOcc"
665,"2U4GBNA0Ymk32rk9BD-KXv70RmKeGiQ3M_sbSSQLM_Vw_HUBXZTYO5ABLQarftyl"
666,"2U4GBNA0YmkAlwOsbl_yR-ZQKiiDHCHaWo-KNiBwRCy1f1rw_S_VATMFtXPK6XWF"
667,"2U4GBNA0YmkHoCW3UYJDV7sdkj42FfYpYj1lvaAxfJGGqlyxf_WSopa9RsN46CA-"
668,"2U4GBNA0Ymmb-IxucPbb4cheTylRpExRGLhrjmCstDBSBLRR6w2yh-q_T6HVHcs6"
669,"2U4GBNA0YmkNTPUX-kYMJvsgkw1peQXN0SrJmgiJ7_7wmXo_K1qjw8lcTq4-K-s3"
670,"2U4GBNA0Ymnv7Vn2idP0wYAwnP8vumUxFkGfn9B76SPJhQbKKkuBuKxNqEwzB_M_"
671,"2U4GBNA0YmkhhWRa6Qg6gReBHmATNbUv4P9OmQ5Jzoj9L9XzZ5iUQZbTQw18Yjdp"
672,"2U4GBNA0YmkfrMAnL-ULuprehK9Nb55ry87-2_WPbdrmTCysT8O7JZOaRFFmFC-0"
673,"2U4GBNA0Ymk7xspzT1r3lXiAR_uassFuiA-VNi-oTpDMyP9JYUmT4SXATqs5sQDD"
674,"2U4GBNA0YmmhgE50xLp2G5lX0goKiFrrXeGDHr-zAOhhD4WC2xqSgp29mqVMFqZT"
675,"2U4GBNA0YmnplrIRlO0VZIcvuo3xemhWTU-s0UFfMxm_Rzhzr8Epo_Coa9Af7liX"
676,"2U4GBNA0Ymkjl1R30uXjw-rJwRXEtZ6i2NICeQeYB7tyXS_G2xQeg79NC1VjEIgK"
677,"2U4GBNA0YmmYiFLXTPokEMH23v8iT4UGu4TlFlJDqmfkDTl62egrFdACwhR_2fNQ"
678,"2U4GBNA0Ymn9ayZaIPJmRmdZRGGME2dCPj7M-ONCA_m2A-09Z3Ab0k9EuHIxi9GU"
679,"2U4GBNA0YmmFGiyXuUfgV--qiNV9xQeB4K40JOGHHwWsCeU2pRgd97zPenm4VA0f"
680,"2U4GBNA0YmnlVnaCJ1M9HqMsKSvnlBtUrW7KSVIircIvXT_xpafDqJ_jEfAIb99y"
681,"2U4GBNA0YmntT6Uch0sg5Nnp_WxVWvYZqw9Wa7pLAfDM2SKJkqHNks1e9jCShqIM"
682,"2U4GBNA0YmmZR41XiXfBpfYUposO-IkR3Tg25tFlpTX1OX-2J_vm24daLptpuajx"
683,"2U4GBNA0YmmFQ9fvAx0P_B1MeYhi8mWo-QaPY6xhvdi0PlYQ9jdbbTgtSlPOODug"
684,"2U4GBNA0Ymkf_doOYrjOGno4oRGVOtXae34m0A4iQYhAqrg0ArFljnAVQOnsWcL0"
685,"2U4GBNA0Ymm10NhKR353mnlLdR27TPBnx5ZqOYy9usSWEHvWxCvPtdUpGnjsnQbb"
686,"2U4GBNA0YmmZ31ZrCzGhph3J-rjmweAHfAmdtu4xpQed6UBgk_QDH7IO1FquS9jj"
687,"2U4GBNA0YmnGQE0etbApTM-1aEy5jN-ls6FK7cpXD66kHQzxBxBLahS_dC06iCUj"
688,"2U4GBNA0YmnO7citKBUpS-Chf0vd4mEFtxprdqIulNrCVhbMCXcQAYpzqz51efuf"
689,"2U4GBNA0YmlOA46rDWX3QangkGCmTmFE0q6d8vB0IQXbY8Mgt2RhxXGfVN70x5rm"
690,"2U4GBNA0YmluBMbAb5mnTJs3KMQy5EzJzG1AxJKNx1xnL531tb7UP2XfwPdCOHTc"
691,"2U4GBNA0YmmPcypH5R9mBg7TKaqnXA-clgm8SGZECVWnkcwF9ym0__en0BDNVNU4"
692,"2U4GBNA0YmlbigXCnSV0-IMOdTTKa5jIQbykFEYL9bfZPqbWl46AVxmAJ8_SXBdg"
693,"2U4GBNA0YmlhF5R6gGYGbCjHF5MnJitJ4m8Dc1drBOJg0HeulDbYkqQ5oRpRfZFq"
694,"2U4GBNA0Ymk0PZKpAtSxZNXFngQcLW1hE__jrsAOcyOhPiEykKBdD6H9Xk8Tsa6W"
695,"2U4GBNA0YmnSSZBdH6pC_mvkuoOz7FOT0XZ3oW39-MO3hYKIogSvJwvV-zU5l3Wp"
696,"2U4GBNA0Ymmw5_NwnJDFV--zvb2ERPMzw0sDV0ha9sZfX2m9_c7NsYsrf52RKtry"
697,"2U4GBNA0Ymn3wEN2B_GFJS3we70HarrZEk3E3J8eMI7a1qHWA852YYh3jlYBiXuh"
698,"2U4GBNA0YmmRo4tVKktZ8wkVqsL-pYIJU8T8NhAvrc7Urie6tnT5m3Exkj81pVWZ"
699,"2U4GBNA0YmlJ16leplOzBANynKHZYS86whks7nzRxEBL-HOkSTxKMvEeDsQqfJZD"
700,"2U4GBNA0Ymly5-2vZ5EUZz3oUNAVzMfc9vzw9ee46UhywbaYOXufHKcz5tLVEtOG"
701,"2U4GBNA0YmkJVbksV7VRohH0iGOvJc5pxYUPCKoSFGJ4eP8ZHYW95KQRrwULtVkB"
702,"2U4GBNA0YmnQgTybrLnXrfytA1iYcpEqVY7T7Ko-izgFM6od93Eb12ij_TwJe4ak"
703,"2U4GBNA0YmlYXKA2Knxei-UaeYRYdU1bJYSTN_pYdTnOWtr46m2Vxl9JUHLkK_z6"
704,"2U4GBNA0YmnDesDPSpfCGEAywaq0T1IXfK1rIt1XApeyqmwlCIf_-rV2BYWQcAqK"
705,"2U4GBNA0Ymm8K5MHkK9eU9vuOACHVtyrLq5cc5qpEcKfJeNxv4FfYPZrnAoZiR15"
706,"2U4GBNA0Ymmv5YO9OzKYcFbnr-owUbDP2CSxsU0wAY8rjEcYcNeEnfTVEd4sANRC"
707,"2U4GBNA0YmlFh7WgppN2rmkrd3OzlopiILIL_uM2mKNbFdLZsFhAehcf5m-M5Ah5"
708,"2U4GBNA0Ymmu-PRizA8_Y0dX_SQiJfm9EkRoYVsCF2WOWTIzr8QulrcoLQAehPOH"
709,"2U4GBNA0Yml8j6aXsu4cJSi72WTKN-JCMHv0VXd0e_8mkXMBQ462YhfulQYz3h-f"
710,"2U4GBNA0Ymm_eCagutvLHbj1meV-mw9NL5VWw9NPgp8TBcDkymRJW54wVo16U5dL"
711,"2U4GBNA0Ymnih1PzkLhZupsCkUaVbNT2bNWl2pNEi5HWC-n2UFB7p9biqu4MUs6R"
712,"2U4GBNA0Ymlvu6-EmJ4-Fit0k-qxjmD3qGQpBJRji_07JMwDGe_yTcbmzX3G_c2K"
713,"2U4GBNA0YmnJTk_BhjtsmgBL7B21fHWQ4mi0HP1GE2kukyZagosNEZrmccZLZfmB"
714,"2U4GBNA0YmlEzs97LxX5tdIAz0czKoMpm6DrAT_2SB0Fh-5PmES_VtzRj-gYGVay"
715,"2U4GBNA0YmkvszRzg_p8B8_sgVOJaF3-2d5BWrCti9GoOGyYAQb8Ir3R7mfIuJFJ"
716,"2U4GBNA0YmmwZkm5WYqj8z6lcT7bZuUbQF7oPxmdaPMCjhHoZXlyGQZqxeuZj0Uw"
717,"2U4GBNA0YmlVwiIqnXUYrKplCGgHGcj6gUuL20Bqub3w9sSOfq4owdYTtF2C8Fgn"
718,"2U4GBNA0Ymnm6qa_itK8widIjVmJTdiMiRgEfLn126YFQWNEAFHponqVKOlUmne-"
719,"2U4GBNA0YmnHTddDov5AZEHI2EbMOThBKBcU1GRQcqTf6bTS0pLdz7eUGyBgXpux"
720,"2U4GBNA0YmmvmDHd45Kp-L9wiwHqQUbdnR2HMQxM-5oILhOIKUYaEuy5dnJSD93N"
721,"2U4GBNA0YmkVxoriQLpvqmLDj5k_DFjA0Ojuv5kcQNNFdddtP59xyEqiku1aA38l"
722,"2U4GBNA0YmnsrnNUGwGv7UKJV3WOmZGqMbmEuRdsTHtNrA7idD2Mf0xDBCIpYShN"
723,"2U4GBNA0YmmlEWJ_m2JyVA7-Q5S7LxsR_3DjtNTGfOIXi7gd-WTp-4DY1CvQL_Yj"
724,"2U4GBNA0Ymk6WWML_eRT6UYmFTToUVR9tku4CYDZt2AsJ_P_v1T29VPx1dy0lOHX"
725,"2U4GBNA0Ymmx8rqyU3FrwnfvzoYP9U7qAtOdVwRdOuB3CcOXgQk6KMobGS_MUwcX"
726,"2U4GBNA0Ymn6DaV7aYkh6WIqwyMz4c9_YXFD9f64bhP6wWtNN3KElKc04RzfzBni"
727,"2U4GBNA0YmnCN9v_7t6EXrithZ2CMvGW5YKkY8fV3lY2_A5apD8rN7q7jUsQbKOz"
728,"2U4GBNA0YmmQUUEuKag50U7ViIQlRdkdLHjRInKQLxCheuSPKfH758jEBMdBTDeO"
729,"2U4GBNA0YmlqSZ3Szh68klnyCQ-3SBdbFNpeqI7M0Eq7Kgpp60G5mPZHuRIpOS_x"
730,"2U4GBNA0YmnI2aFnrRBtYbYONRAlR1QKtnbhf6CTCi30G9UtGDKusD_WJ_nPOXK3"
731,"2U4GBNA0YmmFJkyF6HWVZcKbbsEB3klsV60tS-l4BPpcr6x6Vwn5V3nri7-Qa1g2"
732,"2U4GBNA0YmkqwQcOYWiu7hl-IcUNIGiVVVByAio81LoYH3QG6RXGSCDWy-Zzu50N"
733,"2U4GBNA0Ymm9rfAUBrQwPz2_GhAvoxhsdph8GfG8u5fLLAY9wru0lOM7vTJTqYdZ"
734,"2U4GBNA0YmnqEqDCiWf6ceaVQjak6bQ9I6gaHs6weMH-9H_YMOdz4GdcfE-BudK3"
735,"2U4GBNA0YmkoIWMCivEBK4f1PvE-s8QZ5ZIu65T-mLiFYwN4tw7qjwDrRpixBTY1"
736,"2U4GBNA0YmkV5jxaOn7pjFtF_hFC4jULtN6FTm1izt6e5-PtpVCwcnuhIwVnemFP"
737,"2U4GBNA0YmlpgLWUSf5RuWQ3uUF8rqCuTBN0yhxTl9_uofE4p9X8aTcM0_Iq6AZv"
738,"2U4GBNA0Ymn8sM9klYig3j8e3LgjArOQ6DmRzlNF4JNtVruqxhmJ4q6K7nnvVAWw"
739,"2U4GBNA0YmmOyBwmSHBqjxfnxs05_ZRpxpEtnciAdXziEL-_d7-t7_dxn11M1KJl"
740,"2U4GBNA0YmkXa05lfTienezQkv8gFCGm3Dw-FaEFfQCBGjyUseH-ERU84yhEhgRK"
741,"2U4GBNA0Ymm-3zY_qZqFpB5QZO1GXEVZ7NHzzY67gxrV2TxicgIdUPJ9zqvhdTT0"
742,"2U4GBNA0YmmI5KzoeADmMhTwq0YBThdKyfClqksPdoEnvSMzp-RN2JNXl247Ticb"
743,"2U4GBNA0YmnljzwX3Cao4WiZFQNHAL7VlpPYw-LgBW1q-Qi6lRkttyNgED9eAflL"
744,"2U4GBNA0YmnrIGfMsQ-3tIRUAJta5OMyuVRzXwpSPNmC-Td7srssDBziVGAVa_Dg"
745,"2U4GBNA0YmlXwVafsOr4-7qkFItfLVpYBiFa_YCdt13JVYweZFmtJGs6D6KC6kw1"
746,"2U4GBNA0YmmY1VPXA_161VIldPABOcJ9zAqcaRCAqoF4xG6nDxh7OjICxC9c5a4o"
747,"2U4GBNA0YmlbTj0oA-SQEXLHc8H-fvwhXQAMezeT5afmmDMhvAE6MivV-25HUgMQ"
748,"2U4GBNA0Ymk77ryKX2K4c5vraqvnBvwInjofjij4Oc4cZlAxn3rPXkt9odKtBeYI"
749,"2U4GBNA0YmkLWm42CFrZyaBI17jVVK_gpYbaaM63aOHYyhh7TFn6_jlleyEX2ti3"
750,"2U4GBNA0YmkrKHsYfrEqI5diwKT-49CFs4QZvxna47hian_WRoSNY7qJK96i0k16"
751,"2U4GBNA0Ymn-jyMy3UYBj884xcfNjI-2Kr6QGS242MqMfWpSjYrH-phf_5Zu8Y6b"
752,"2U4GBNA0Ymlk-KBYt4Ioyufv1VqXfKeGRkMIIf16xu9cLGvRnmopXqFjyha7gUd0"
753,"2U4GBNA0Ymnr-sSO_fjHQG4jjueOvHp_Hr3qQSVR2jmzhpE0b4TBl4_XoySeusz7"
754,"2U4GBNA0YmnCi5BJ195cjg7smmdplzC__QjvO_lXwG3PvLYXecObhR1pwrbGnLJg"
755,"2U4GBNA0YmkNXcQ4BDqbZJo-sDbIurhCZLkVrYm5_kTkrkgPXJzb3DGWR9aIA5om"
756,"2U4GBNA0Ymm4MiTmOaCG2x8kuP_RaJDPR1X_OTX0dExJUdRaJxx0BE14TIx0Gqss"
757,"2U4GBNA0YmkkcjJFbTJ4kve19tFfzacvkiobUSyhLeX7BL78B21Z61ZpKVjxpmxR"
758,"2U4GBNA0YmlJ0UfeHmi0cBb-KI7yGgO3iE4EXbUfwt3X7ITEPU14kbhHaqIT5uF-"
759,"2U4GBNA0YmmmdNZn8yj0mPFP7nSRyYcJgVYa3ZNfJNuH9gvfEO2cG2nWSviOVg51"
760,"2U4GBNA0YmmGpqw-clGfirRrH53WO2yX4bDFn4ShQY7fn92WTR4Z2Pjkn-QAk8BF"
761,"2U4GBNA0YmnopM4vagc20Tpun5JWn2wL81QO07w6gv0URUp4rrd26AKsdLUd8qKR"
762,"2U4GBNA0YmkKox32iYO1Yk3aQDQGqrGTMypV-yRQf1uqi9D1anE9sqCb-DthFOXK"
763,"2U4GBNA0Ymn0x52vVI0skfCEWRwdtnXnJoE6dpLh9fUrL04Ql-mGfiuNq4KKm6tN"
764,"2U4GBNA0YmlhD5WwHOtWHLPOgxBukeLaLL_1p6oTmR2aqYN8_eKTrOvsl6U_yZTC"
765,"2U4GBNA0YmlA1sfPpYDRmUnQLMqCU7JlGFBRO4r3zH63pkw6WvYCqPPZ0WqT1Ler"
766,"2U4GBNA0YmnllByUJ4yuOLPYHM5H78DQcFVgYaY4rTW2uKzZNioLE5xSSiG67Psf"
767,"2U4GBNA0YmmDYk24zZLK45widU6gwSTWRXHuukRWpWuOAZC0R_UM-zvHS2RmVzco"
768,"2U4GBNA0Ymlb1dTv5lUEescf9qYgG_GJGmiu4y9YBRhT-KdUw3GJmA6gHcuLGDQl"
769,"2U4GBNA0YmkOV4xLcTiVgBQq3yLC77wYi3O6h7ot9GIhNjlmsDAXG6l_7ZYUia0z"
770,"2U4GBNA0Yml7xVEa8Tg90MYffaWxa08vSHMN-UJ87DmZTiXZ3t9VJ4e-fYCfFz_C"
771,"2U4GBNA0Yml3UH2hAx4m3vpVcpxT6tLX1nPRLN4IJvtp921E9SLzR7BkCtKctQvU"
772,"2U4GBNA0YmkUhylp737G_XIx9dHDLTMSilmRqbFaLDDoDlSjwgEc_rD52n1q-WFz"
773,"2U4GBNA0Ymm_-e0ODzzKLtyxOLIEEF730LNusrfP1VFSvdj62v7EDPlS_R51FEUC"
774,"2U4GBNA0Ymk-lmyO8V9km3WVbf63j5fI-RXghhmHhl0HHsxvR7u0MplqiKEb95UY"
775,"2U4GBNA0YmnXPSTvNG2usIWSdXCYofdkl5R8aKYIn87uSDgnGp0mVBzcM4hoscg5"
776,"2U4GBNA0YmmZDmOxEb8ARj0qnqYMO-ymPahttX_Fxk5zkNbMhVw1wWikkPunqsiU"
777,"2U4GBNA0YmntpiwAbp99wRD_kN8-cySJfoV8ipYoINHZzdYa-DXAqdtuGzJp9rYi"
778,"2U4GBNA0YmmTNGtOwQ_vrZAzuqPc7S_2xQ5G5qeMgXiSC-J4f9o1cuRbgzz9v5of"
779,"2U4GBNA0Ymmev315VekiZ7An8qqaE9mtZsFym7vgUECpmpH1sWFIk00b5EYG36Ys"
780,"2U4GBNA0Ymn1cHkqne_2EpE3PTWZU2CAz-60yYxeLNVlnILfb7sZlM6rMwM1JPs_"
781,"2U4GBNA0Yml9HaeLpcBkYSOGtZI9sUS4JOVobs1qJFDZKrp7SzVkYdsxcxrAa915"
782,"2U4GBNA0YmkRj17JF0rj-8xKD3FEtl0qLqds-1wg6_0BPGharBBDbUtZS9lTPkoo"
783,"2U4GBNA0YmmIpul5yCvXF8JJS2xWWBRorZyKTsU2tCq3sQ3fbS6TWNvREdePBfwj"
784,"2U4GBNA0Ymn2k81P9wvtKQyPih-orEnnu1vihY7uPXOlu2qR3fKdd0qV-tAT6ts5"
785,"2U4GBNA0Ymkselx95UUnaugqES2VNjcz6iEsbvYUTPHc_bc3qH9rxhDp3TgO49b-"
786,"2U4GBNA0YmmRMPEVlAwe8Ukzh3utA1_4KT6Wt8BpZcPv0wrw37WOtoIZKdNQb3vg"
787,"2U4GBNA0Ymmr-Bn5Py--JBOlUDFlM7ZyiK57ozR_1MC-3CXRJto7Wsk7IUz_BLOo"
788,"2U4GBNA0YmlJvmvvj7tQ_1cgwulQt8M6Y-UTHuiQJ33GxGndyKUld3913YMaS5db"
789,"2U4GBNA0Yml9KzWwWz0edAA5RktMAVmkzOu3opdyztvzd2Qnl7YBcH4nrUDSKoU7"
790,"2U4GBNA0Ymm6dVVjOxwwU9GFYpTs7Exy3M4-NoknNTrUkPwbJC31Vr7J2IDsnW24"
791,"2U4GBNA0YmnT0l9S3tutoUrt9p-X_5w9iGoMH-t7YaHfJBzYoo6LYvuBNRcVBVE0"
792,"2U4GBNA0Yml7Z6lAA9_7CwDqPSPNSkg8o7j2NLA9bb5NaDnlDfwDfvRv4ghEDt96"
